Ormond,6/32 Walsh St,2,u,562000,S,Gary,01-07-2017,3204,Southern Metropolitan,3578,11.4,Glen Eira City Council
Parkdale,13B Elm Gr,3,t,1000000,S,Obrien,01-07-2017,3195,South-Eastern Metropolitan,5087,21.5,Kingston City Council
Parkdale,13 Lawborough Av,3,h,985000,S,Maitland,01-07-2017,3195,South-Eastern Metropolitan,5087,21.5,Kingston City Council
Parkdale,44 Melrose St,3,h,820000,S,Thomson,01-07-2017,3195,South-Eastern Metropolitan,5087,21.5,Kingston City Council
Pascoe Vale,123 Cumberland Rd,3,h,870000,PI,Ray,01-07-2017,3044,Northern Metropolitan,7485,8.5,Moreland City Council
Pascoe Vale,9 Dorset Rd,3,h,800000,SP,Barry,01-07-2017,3044,Northern Metropolitan,7485,8.5,Moreland City Council
Pascoe Vale,5 Fleming Gr,5,h,1501000,S,Jellis,01-07-2017,3044,Northern Metropolitan,7485,8.5,Moreland City Council
Pascoe Vale,3/424 Gaffney St,3,t,,SN,hockingstuart,01-07-2017,3044,Northern Metropolitan,7485,8.5,Moreland City Council
Pascoe Vale,1 Hazel Gr,3,h,1663000,S,Nelson,01-07-2017,3044,Northern Metropolitan,7485,8.5,Moreland City Council
Pascoe Vale,1 Virginia St,4,h,780000,VB,Brad,01-07-2017,3044,Northern Metropolitan,7485,8.5,Moreland City Council
Point Cook,97 Alamanda Bvd,4,h,,SN,Ray,01-07-2017,3030,Western Metropolitan,15542,14.7,Wyndham City Council
Point Cook,23 Bevan Ct,5,h,660000,S,Reliance,01-07-2017,3030,Western Metropolitan,15542,14.7,Wyndham City Council
Point Cook,24 Derham Dr,4,h,,SP,Reliance,01-07-2017,3030,Western Metropolitan,15542,14.7,Wyndham City Council
Point Cook,14 Glider St,4,h,,W,YPA,01-07-2017,3030,Western Metropolitan,15542,14.7,Wyndham City Council
Point Cook,76 Hargrave Av,4,h,663500,S,hockingstuart,01-07-2017,3030,Western Metropolitan,15542,14.7,Wyndham City Council
Port Melbourne,6/156 Bay St,3,u,1631000,S,Cayzer,01-07-2017,3207,Southern Metropolitan,8648,3.5,Melbourne City Council
Port Melbourne,67 Ross St,3,h,1665000,S,Greg,01-07-2017,3207,Southern Metropolitan,8648,3.5,Melbourne City Council
Port Melbourne,107 Stokes St,4,h,2450000,VB,Lucas,01-07-2017,3207,Southern Metropolitan,8648,3.5,Melbourne City Council
Prahran,11/8 Grandview Gr,1,u,399000,S,Jellis,01-07-2017,3181,Southern Metropolitan,7717,4.6,Stonnington City Council
Prahran,1/648 High St,2,u,1240000,S,Rounds,01-07-2017,3181,Southern Metropolitan,7717,4.6,Stonnington City Council
Preston,2/1 Ambon St,3,h,727500,S,Nelson,01-07-2017,3072,Northern Metropolitan,14577,8.4,Darebin City Council
Preston,4 Benambra St,3,h,,S,Nelson,01-07-2017,3072,Northern Metropolitan,14577,8.4,Darebin City Council
Preston,1/103 Bruce St,3,t,965000,S,hockingstuart,01-07-2017,3072,Northern Metropolitan,14577,8.4,Darebin City Council
Princes Hill,84 Bowen Cr,2,h,2530000,S,Nelson,01-07-2017,3054,Northern Metropolitan,1008,3.5,Yarra City Council
Princes Hill,251 Richardson St,3,h,1930000,S,hockingstuart,01-07-2017,3054,Northern Metropolitan,1008,3.5,Yarra City Council
Reservoir,111 Boldrewood Pde,3,h,840000,SP,RW,01-07-2017,3073,Northern Metropolitan,21650,12,Darebin City Council
Reservoir,57 Crevelli St,2,h,560000,S,Barry,01-07-2017,3073,Northern Metropolitan,21650,12,Darebin City Council
Reservoir,5/1 Griffiths St,1,u,,SP,Ray,01-07-2017,3073,Northern Metropolitan,21650,12,Darebin City Council
Reservoir,7 Inverness St,4,h,900000,SP,Stockdale,01-07-2017,3073,Northern Metropolitan,21650,12,Darebin City Council
Reservoir,22 Locher Av,3,h,680500,S,Ray,01-07-2017,3073,Northern Metropolitan,21650,12,Darebin City Council
Reservoir,78 McMahon Rd,4,h,902000,S,Barry,01-07-2017,3073,Northern Metropolitan,21650,12,Darebin City Council
Reservoir,16 Muriel Ct,3,h,825000,S,RW,01-07-2017,3073,Northern Metropolitan,21650,12,Darebin City Council
Reservoir,16 Oconnor St,3,h,801000,SP,Love,01-07-2017,3073,Northern Metropolitan,21650,12,Darebin City Council
Reservoir,3/76 Southernhay St,2,t,668500,S,Nelson,01-07-2017,3073,Northern Metropolitan,21650,12,Darebin City Council
Richmond,13 Francis St,2,h,1165000,S,Biggin,01-07-2017,3121,Northern Metropolitan,14949,2.4,Yarra City Council
Richmond,120/8 Garfield St,1,u,390000,PI,Harcourts,01-07-2017,3121,Northern Metropolitan,14949,2.4,Yarra City Council
Richmond,7/129 Hoddle St,2,u,890500,SP,Biggin,01-07-2017,3121,Northern Metropolitan,14949,2.4,Yarra City Council
Richmond,5 King St,2,h,,S,Jellis,01-07-2017,3121,Northern Metropolitan,14949,2.4,Yarra City Council
Richmond,54 Laity St,3,h,1310000,S,Biggin,01-07-2017,3121,Northern Metropolitan,14949,2.4,Yarra City Council
Richmond,202/47 Murphy St,1,u,458000,S,Biggin,01-07-2017,3121,Northern Metropolitan,14949,2.4,Yarra City Council
Richmond,2 Sutton Gr,2,h,1442000,S,Biggin,01-07-2017,3121,Northern Metropolitan,14949,2.4,Yarra City Council
Richmond,1 Waltham Pl,4,h,2200000,PI,Biggin,01-07-2017,3121,Northern Metropolitan,14949,2.4,Yarra City Council
Ringwood,36 Kalinda Rd,4,h,,VB,McGrath,01-07-2017,3134,Eastern Metropolitan,7785,19.9,Maroondah City Council
Ringwood,11 Kenwood Cr,3,h,750000,VB,Purplebricks,01-07-2017,3134,Eastern Metropolitan,7785,19.9,Maroondah City Council
Ringwood,2/7 Pearwood St,2,u,,SN,Barry,01-07-2017,3134,Eastern Metropolitan,7785,19.9,Maroondah City Council
Ringwood,2/11 Sussex St,4,t,,SP,Philip,01-07-2017,3134,Eastern Metropolitan,7785,19.9,Maroondah City Council
Ringwood East,3/1 Mines Rd,2,u,560000,S,Barry,01-07-2017,3135,Eastern Metropolitan,4407,21.3,Maroondah City Council
Rockbank,2013 Western Hwy,2,h,340000,SP,YPA,01-07-2017,3335,Western Metropolitan,538,23.8,Melton City Council
Rosanna,5 Coorie Cr,3,h,1101000,S,Miles,01-07-2017,3084,Eastern Metropolitan,3540,8.9,Banyule City Council
Rowville,7 Christian Ct,5,h,,S,Ray,01-07-2017,3178,South-Eastern Metropolitan,11667,23.5,Knox City Council
Rowville,11 Jindalee Cl,5,h,870000,S,Harcourts,01-07-2017,3178,South-Eastern Metropolitan,11667,23.5,Knox City Council
Rowville,19 The Fairway,4,h,,SP,Woodards,01-07-2017,3178,South-Eastern Metropolitan,11667,23.5,Knox City Council
Roxburgh Park,15 Thompson Cr,3,h,420000,S,Raine,01-07-2017,3064,Northern Metropolitan,5833,20.6,Hume City Council
Sandringham,6/76 Bay Rd,2,u,643500,S,hockingstuart,01-07-2017,3191,Southern Metropolitan,4497,15.2,Bayside City Council
Seabrook,19 Spindrift Wy,3,h,625000,S,hockingstuart,01-07-2017,3028,Western Metropolitan,1793,15.5,Hobsons Bay City Council
Seaford,18 Bainbridge Av,3,h,610000,S,Harcourts,01-07-2017,3198,South-Eastern Metropolitan,8077,35.4,Frankston City Council
Seaford,25 Duncan Av,3,h,565000,S,Harcourts,01-07-2017,3198,South-Eastern Metropolitan,8077,35.4,Frankston City Council
Seaford,3/7 East Rd,3,u,572000,S,O'Brien,01-07-2017,3198,South-Eastern Metropolitan,8077,35.4,Frankston City Council
Seaholme,6a Cambridge St,4,t,1090000,S,Greg,01-07-2017,3018,Western Metropolitan,852,11,Hobsons Bay City Council
Seaholme,6/24 Noordenne Av,2,t,455000,SP,hockingstuart,01-07-2017,3018,Western Metropolitan,852,11,Hobsons Bay City Council
Seddon,2A Austin St,2,h,750000,S,Jas,01-07-2017,3011,Western Metropolitan,2417,5.1,Maribyrnong City Council
Seddon,57 Charles St,2,h,850000,VB,Village,01-07-2017,3011,Western Metropolitan,2417,5.1,Maribyrnong City Council
Skye,29 Edinburgh Dr,4,h,640000,VB,hockingstuart,01-07-2017,3977,South-Eastern Metropolitan,2756,34.7,Frankston City Council
South Melbourne,51/39 Dorcas St,2,u,,SN,MICM,01-07-2017,3205,Southern Metropolitan,5943,1.9,Port Phillip City Council
South Melbourne,4 Law St,2,h,1030000,S,Cayzer,01-07-2017,3205,Southern Metropolitan,5943,1.9,Port Phillip City Council
South Morang,15 Ferncroft Dr,4,h,600000,PI,Millership,01-07-2017,3752,Northern Metropolitan,7969,20.5,Whittlesea City Council
South Morang,1 Kakadu Vw,4,h,,PI,Morrison,01-07-2017,3752,Northern Metropolitan,7969,20.5,Whittlesea City Council
South Morang,26 Kinkora Cr,4,h,,PI,Harcourts,01-07-2017,3752,Northern Metropolitan,7969,20.5,Whittlesea City Council
South Morang,7/7 Old Plenty Rd,3,u,386000,S,Millership,01-07-2017,3752,Northern Metropolitan,7969,20.5,Whittlesea City Council
South Yarra,1109/800 Chapel St,2,u,857000,S,LITTLE,01-07-2017,3141,Southern Metropolitan,14887,2.7,Melbourne City Council
South Yarra,304/15 Cromwell Rd,2,u,,PI,Marshall,01-07-2017,3141,Southern Metropolitan,14887,2.7,Melbourne City Council
South Yarra,51 Moore St,2,h,1160000,S,Jellis,01-07-2017,3141,Southern Metropolitan,14887,2.7,Melbourne City Council
South Yarra,1/1 Rockley Rd,1,u,,S,Marshall,01-07-2017,3141,Southern Metropolitan,14887,2.7,Melbourne City Council
South Yarra,23/350 Toorak Rd,3,u,1235000,S,Jellis,01-07-2017,3141,Southern Metropolitan,14887,2.7,Melbourne City Council
Springvale,24 Garnsworthy St,3,h,752500,S,iSell,01-07-2017,3171,South-Eastern Metropolitan,7412,20.8,Greater Dandenong City Council
Springvale,20 Keets Ct,3,h,,PI,Barry,01-07-2017,3171,South-Eastern Metropolitan,7412,20.8,Greater Dandenong City Council
Springvale South,4 Ruth Ct,3,h,,PI,iSell,01-07-2017,3172,South-Eastern Metropolitan,4054,22.2,Greater Dandenong City Council
St Albans,12 Altyre Ct,3,h,565000,S,Bells,01-07-2017,3021,Western Metropolitan,14042,14,Brimbank City Council
St Albans,3/14 Disraeli St,3,t,500000,SP,YPA,01-07-2017,3021,Western Metropolitan,14042,14,Brimbank City Council
St Albans,9 Gray Ct,3,h,610000,PI,YPA,01-07-2017,3021,Western Metropolitan,14042,14,Brimbank City Council
St Albans,6/31 Marsden Cr,2,t,445000,SP,YPA,01-07-2017,3021,Western Metropolitan,14042,14,Brimbank City Council
St Albans,23 Shirley St,3,h,,SN,Barry,01-07-2017,3021,Western Metropolitan,14042,14,Brimbank City Council
St Helena,10 Larool Av,4,h,801000,S,Darren,01-07-2017,3088,Eastern Metropolitan,915,16.1,Banyule City Council
St Kilda,14/12 Fitzroy St,1,u,350000,VB,Gary,01-07-2017,3182,Southern Metropolitan,13240,5,Port Phillip City Council
St Kilda,6/19 Herbert St,2,u,525000,S,hockingstuart,01-07-2017,3182,Southern Metropolitan,13240,5,Port Phillip City Council
St Kilda,15/2 Redan St,1,u,517500,SP,Woodards,01-07-2017,3182,Southern Metropolitan,13240,5,Port Phillip City Council
St Kilda,7/27 Robe St,2,u,365000,VB,Rounds,01-07-2017,3182,Southern Metropolitan,13240,5,Port Phillip City Council
St Kilda,403/64 Wellington St,2,u,460000,SP,LITTLE,01-07-2017,3182,Southern Metropolitan,13240,5,Port Phillip City Council
Strathmore,48 Bournian Av,4,h,1725000,PI,Brad,01-07-2017,3041,Western Metropolitan,3284,8.2,Moonee Valley City Council
Strathmore,2/30 Bulla Rd,2,h,646000,S,Nelson,01-07-2017,3041,Western Metropolitan,3284,8.2,Moonee Valley City Council
Strathmore,16A Lamart St,4,h,1190000,PI,Nelson,01-07-2017,3041,Western Metropolitan,3284,8.2,Moonee Valley City Council
Strathmore Heights,2/1 De Havilland Av,2,h,635500,S,Considine,01-07-2017,3041,Western Metropolitan,389,8.2,Moonee Valley City Council
Sunbury,11 Bannermann St,4,h,580000,S,Raine,01-07-2017,3429,Western Metropolitan,14092,31.7,Hume City Council
Sunbury,38 Felton Av,3,h,413000,S,L,01-07-2017,3429,Western Metropolitan,14092,31.7,Hume City Council
Sunbury,60 Heysen Dr,3,h,420000,S,Raine,01-07-2017,3429,Western Metropolitan,14092,31.7,Hume City Council
Sunbury,18 Timins St,3,h,650000,S,YPA,01-07-2017,3429,Western Metropolitan,14092,31.7,Hume City Council
Sunshine,2/17 Anderson Rd,3,t,525000,S,McGrath,01-07-2017,3020,Western Metropolitan,3755,10.5,Brimbank City Council
Sunshine North,10 Edna St,3,h,780000,SA,FN,01-07-2017,3020,Western Metropolitan,4217,10.5,Brimbank City Council
Sunshine West,38 Collenso St,4,h,765000,S,Douglas,01-07-2017,3020,Western Metropolitan,6763,10.5,Brimbank City Council
Surrey Hills,112 Broughton Rd,4,h,1420000,PI,Fletchers,01-07-2017,3127,Southern Metropolitan,5457,10.2,Boroondara City Council
Surrey Hills,1093 Riversdale Rd,3,h,2100000,VB,Jellis,01-07-2017,3127,Southern Metropolitan,5457,10.2,Boroondara City Council
Surrey Hills,35A Russell St,3,h,1385000,S,Fletchers,01-07-2017,3127,Southern Metropolitan,5457,10.2,Boroondara City Council
Sydenham,3/42 Albert Rd,2,h,417000,S,Bells,01-07-2017,3037,Western Metropolitan,3640,18,Brimbank City Council
Sydenham,19 Boberrit Wyn,3,h,,PI,YPA,01-07-2017,3037,Western Metropolitan,3640,18,Brimbank City Council
Tarneit,30 Homestead Av,4,h,810000,VB,hockingstuart,01-07-2017,3029,Western Metropolitan,10160,18.4,Wyndham City Council
Tarneit,3 Rosebud St,3,h,451500,S,Reliance,01-07-2017,3029,Western Metropolitan,10160,18.4,Wyndham City Council
Tarneit,2 Skylark Ct,3,h,526000,S,Purplebricks,01-07-2017,3029,Western Metropolitan,10160,18.4,Wyndham City Council
Taylors Hill,3 Highlander Ct,4,h,605500,S,YPA,01-07-2017,3037,Western Metropolitan,4242,18,Melton City Council
Taylors Lakes,2a Mallacoota Ct,3,u,500000,PI,Brad,01-07-2017,3038,Western Metropolitan,5336,15.5,Brimbank City Council
Taylors Lakes,16 Shoppers La,3,h,427500,S,Ray,01-07-2017,3038,Western Metropolitan,5336,15.5,Brimbank City Council
Tecoma,1578 Burwood Hwy,3,h,,SN,Barry,01-07-2017,3160,Eastern Victoria,869,30.4,Yarra Ranges Shire Council
Tecoma,105 Terrys Av,4,h,855000,SP,Harcourts,01-07-2017,3160,Eastern Victoria,869,30.4,Yarra Ranges Shire Council
Templestowe,7 Watties Rd,2,h,,PI,Fletchers,01-07-2017,3106,Eastern Metropolitan,6202,15.5,Manningham City Council
Templestowe Lower,7 Buller Tce,3,h,,PI,Buckingham,01-07-2017,3107,Eastern Metropolitan,5420,12.4,Manningham City Council
Templestowe Lower,30 John St,5,h,1705000,PI,hockingstuart,01-07-2017,3107,Eastern Metropolitan,5420,12.4,Manningham City Council
The Basin,65 Government Rd,3,h,551200,SP,iTRAK,01-07-2017,3154,Eastern Metropolitan,1690,27,Knox City Council
Thomastown,95 Barry Rd,5,h,,SN,Love,01-07-2017,3074,Northern Metropolitan,7955,15.3,Whittlesea City Council
Thomastown,3/13 Edna St,2,u,,PI,Harcourts,01-07-2017,3074,Northern Metropolitan,7955,15.3,Whittlesea City Council
Thomastown,2/11 French St,3,u,542000,S,Ray,01-07-2017,3074,Northern Metropolitan,7955,15.3,Whittlesea City Council
Thomastown,8 Glenburn St,3,h,,PI,Harcourts,01-07-2017,3074,Northern Metropolitan,7955,15.3,Whittlesea City Council
Thomastown,17 Larch St,3,h,,PN,Emerson,01-07-2017,3074,Northern Metropolitan,7955,15.3,Whittlesea City Council
Thornbury,329 Gillies St,4,h,2070000,SP,Jellis,01-07-2017,3071,Northern Metropolitan,8870,7,Darebin City Council
Toorak,113 Grange Rd,6,h,2800000,S,Marshall,01-07-2017,3142,Southern Metropolitan,7217,4.1,Stonnington City Council
Truganina,2/7 Cabarita St,2,t,385000,SP,Reliance,01-07-2017,3029,Western Metropolitan,5811,18.4,Melton City Council
Tullamarine,4/48 Banksia Gr,3,h,500000,SP,Jason,01-07-2017,3043,Western Metropolitan,3296,12.9,Brimbank City Council
Tullamarine,73 Dawson St,3,h,,SN,Jason,01-07-2017,3043,Western Metropolitan,3296,12.9,Brimbank City Council
Tullamarine,3 Henderson Rd,4,h,821000,S,Jason,01-07-2017,3043,Western Metropolitan,3296,12.9,Brimbank City Council
Vermont,2/36 Halls Pde,3,t,917000,S,Noel,01-07-2017,3133,Eastern Metropolitan,4181,17.2,Maroondah City Council
Vermont South,6 Hempstead Av,4,h,,SP,Rounds,01-07-2017,3133,Eastern Metropolitan,4280,17.2,Whitehorse City Council
Viewbank,33 Eamon Dr,4,h,1115000,S,Miles,01-07-2017,3084,Eastern Metropolitan,2698,8.9,Banyule City Council
Viewbank,34 Toumlin Gr,3,h,905000,SP,Miles,01-07-2017,3084,Eastern Metropolitan,2698,8.9,Banyule City Council
Viewbank,1/9 Willa Av,3,u,,S,Nelson,01-07-2017,3084,Eastern Metropolitan,2698,8.9,Banyule City Council
Wantirna,7/3 Ashley St,2,h,450000,PI,Prof.,01-07-2017,3152,Eastern Metropolitan,5424,14.7,Knox City Council
Wantirna South,53 Somes St,3,h,1015000,SP,Ray,01-07-2017,3152,Eastern Metropolitan,7082,14.7,Knox City Council
Werribee,22 Bloom St,5,h,,PI,Barry,01-07-2017,3030,Western Metropolitan,16166,14.7,Wyndham City Council
Werribee,13 Davern Ct,4,h,,SP,Sweeney,01-07-2017,3030,Western Metropolitan,16166,14.7,Wyndham City Council
Werribee,22 Kramer St,3,h,510000,S,Ray,01-07-2017,3030,Western Metropolitan,16166,14.7,Wyndham City Council
Werribee,15 Retreat Pl,4,h,645000,S,YPA,01-07-2017,3030,Western Metropolitan,16166,14.7,Wyndham City Council
Werribee,1 Walwa Pl,3,h,427000,S,Greg,01-07-2017,3030,Western Metropolitan,16166,14.7,Wyndham City Council
Werribee,16 Wattamolla Av,3,h,600000,S,YPA,01-07-2017,3030,Western Metropolitan,16166,14.7,Wyndham City Council
Werribee South,656 Oconnors Rd,2,h,355000,S,Harcourts,01-07-2017,3030,Western Metropolitan,821,14.7,Wyndham City Council
West Footscray,15 Alberta St,3,h,845000,PI,Jas,01-07-2017,3012,Western Metropolitan,5058,6.4,Maribyrnong City Council
West Footscray,24 Hope St,2,h,876000,S,Biggin,01-07-2017,3012,Western Metropolitan,5058,6.4,Maribyrnong City Council
West Melbourne,23/1 Flagstaff La,3,t,,VB,Nelson,01-07-2017,3003,Northern Metropolitan,2230,3.1,Melbourne City Council
Westmeadows,26 Coghill St,3,h,578000,S,Jason,01-07-2017,3049,Northern Metropolitan,2474,16.5,Hume City Council
Williams Landing,89 Sayers Rd,4,h,510000,S,Ray,01-07-2017,3027,Western Metropolitan,1999,17.6,Wyndham City Council
Wollert,6 Burley St,2,u,390000,S,Ray,01-07-2017,3750,Northern Metropolitan,2940,25.5,Whittlesea City Council
Wollert,20 Vanin St,4,h,525000,S,Harcourts,01-07-2017,3750,Northern Metropolitan,2940,25.5,Whittlesea City Council
Wyndham Vale,5 Dakara Ct,3,h,480000,S,hockingstuart,01-07-2017,3024,Western Metropolitan,5262,27.2,Wyndham City Council
Wyndham Vale,11 Hoddle Lk,3,h,471100,S,YPA,01-07-2017,3024,Western Metropolitan,5262,27.2,Wyndham City Council
Yarraville,87 Ballard St,4,h,1000000,SP,Village,01-07-2017,3013,Western Metropolitan,6543,6.3,Maribyrnong City Council
Yarraville,72 Bishop St,3,h,1240000,VB,Jas,01-07-2017,3013,Western Metropolitan,6543,6.3,Maribyrnong City Council
Yarraville,67 Hawkhurst St,3,h,1115000,SP,Village,01-07-2017,3013,Western Metropolitan,6543,6.3,Maribyrnong City Council
Abbotsford,37 Hunter St,3,t,,PI,Biggin,01-09-2018,3067,Northern Metropolitan,4019,3,Yarra City Council
Airport West,47 Hillside Gr,3,h,750000,PI,Nelson,01-09-2018,3042,Western Metropolitan,3464,10.4,Moonee Valley City Council
Airport West,5a South Rd,3,u,685000,PI,Brad,01-09-2018,3042,Western Metropolitan,3464,10.4,Moonee Valley City Council
Albanvale,34 Delamare Dr,3,h,,PI,People,01-09-2018,3021,Western Metropolitan,1899,14,Brimbank City Council
Albert Park,200 Kerferd Rd,3,h,,PI,Paul,01-09-2018,3206,Southern Metropolitan,3280,3,Port Phillip City Council
Albion,1/129 Anderson Rd,2,u,,PI,Burnham,01-09-2018,3020,Western Metropolitan,2185,10.5,Brimbank City Council
Alphington,4/96 Yarralea St,2,u,520000,VB,Nelson,01-09-2018,3078,Northern Metropolitan,2211,5.7,Darebin City Council
Altona North,2/148 Chambers Rd,3,t,,PI,Bells,01-09-2018,3025,Western Metropolitan,5132,9.4,Hobsons Bay City Council
Altona North,49A Rosala Av,3,t,,PI,FN,01-09-2018,3025,Western Metropolitan,5132,9.4,Hobsons Bay City Council
Ascot Vale,76 The Parade,2,h,1015000,S,Nelson,01-09-2018,3032,Western Metropolitan,6567,4.3,Moonee Valley City Council
Ashburton,10a Laurel St,4,h,1450000,VB,Marshall,01-09-2018,3147,Southern Metropolitan,3052,10.2,Boroondara City Council
Ashburton,11A Meaden St,4,h,,SP,Marshall,01-09-2018,3147,Southern Metropolitan,3052,10.2,Boroondara City Council
Ashwood,40 Ashwood Dr,4,h,,SN,Ray,01-09-2018,3147,Southern Metropolitan,2894,10.2,Monash City Council
Ashwood,46 Electra Av,4,t,,S,hockingstuart,01-09-2018,3147,Southern Metropolitan,2894,10.2,Monash City Council
Aspendale Gardens,6 Hilda Mw,3,h,800000,SP,Ray,01-09-2018,3195,South-Eastern Metropolitan,2243,21.5,Kingston City Council
Aspendale Gardens,30 Jacqueline Dr,4,h,1034000,SP,Buxton,01-09-2018,3195,South-Eastern Metropolitan,2243,21.5,Kingston City Council
Balwyn,1/2 Aif St,3,t,1410000,SP,Marshall,01-09-2018,3103,Southern Metropolitan,5682,7.9,Boroondara City Council
Balwyn,31 Austin St,3,t,1500000,VB,Jellis,01-09-2018,3103,Southern Metropolitan,5682,7.9,Boroondara City Council
Balwyn,511/188 Whitehorse Rd,2,u,,SP,Marshall,01-09-2018,3103,Southern Metropolitan,5682,7.9,Boroondara City Council
Balwyn North,1170 Burke Rd,4,h,2740000,PI,RT,01-09-2018,3104,Southern Metropolitan,7809,9.7,Boroondara City Council
Balwyn North,3/3 Corhampton Rd,2,h,815000,S,RT,01-09-2018,3104,Southern Metropolitan,7809,9.7,Boroondara City Council
Balwyn North,3 Nevada St,5,h,,S,Jellis,01-09-2018,3104,Southern Metropolitan,7809,9.7,Boroondara City Council
Bayswater,3/33 Elm St,2,u,580000,S,Barry,01-09-2018,3153,Eastern Metropolitan,5030,23.2,Knox City Council
Bayswater,29 John St,3,h,618000,S,Barry,01-09-2018,3153,Eastern Metropolitan,5030,23.2,Knox City Council
Beaumaris,2/133 Charman Rd,2,u,830000,S,hockingstuart,01-09-2018,3193,Southern Metropolitan,5366,17.3,Bayside City Council
Beaumaris,36 Cromer Rd,4,h,1400000,S,Hodges,01-09-2018,3193,Southern Metropolitan,5366,17.3,Bayside City Council
Beaumaris,26 Michael St,4,h,1200000,PI,Buxton,01-09-2018,3193,Southern Metropolitan,5366,17.3,Bayside City Council
Beaumaris,84 Scott St,3,h,1400000,PI,Buxton,01-09-2018,3193,Southern Metropolitan,5366,17.3,Bayside City Council
Beaumaris,140 Tramway Pde,4,h,2305000,S,hockingstuart,01-09-2018,3193,Southern Metropolitan,5366,17.3,Bayside City Council
Bellfield,1/9 Davidson St,3,t,,SN,Miles,01-09-2018,3081,Eastern Metropolitan,790,8.8,Banyule City Council
Bentleigh,5 Austin St,3,h,1710000,PI,Woodards,01-09-2018,3204,Southern Metropolitan,6795,11.4,Glen Eira City Council
Bentleigh,8 Coates St,4,h,,VB,Jellis,01-09-2018,3204,Southern Metropolitan,6795,11.4,Glen Eira City Council
Bentleigh,37 Daley St,3,h,1380000,S,Jellis,01-09-2018,3204,Southern Metropolitan,6795,11.4,Glen Eira City Council
Bentleigh,59B Fromer St,3,t,1280000,S,Jellis,01-09-2018,3204,Southern Metropolitan,6795,11.4,Glen Eira City Council
Bentleigh,37 Riddle St,4,h,1900000,VB,Jellis,01-09-2018,3204,Southern Metropolitan,6795,11.4,Glen Eira City Council
Bentleigh,27 Wheatley Rd,5,h,2645000,S,Jellis,01-09-2018,3204,Southern Metropolitan,6795,11.4,Glen Eira City Council
Bentleigh East,37A Blamey St,3,t,892500,S,Jellis,01-09-2018,3165,Southern Metropolitan,10969,13.8,Glen Eira City Council
Bentleigh East,2 Blenheim St,3,h,1235000,S,Buxton,01-09-2018,3165,Southern Metropolitan,10969,13.8,Glen Eira City Council
Bentleigh East,23 Bradford St,4,h,1145000,S,Buxton,01-09-2018,3165,Southern Metropolitan,10969,13.8,Glen Eira City Council
Bentleigh East,121 Brady Rd,3,h,1000000,VB,Woodards,01-09-2018,3165,Southern Metropolitan,10969,13.8,Glen Eira City Council
Bentleigh East,79B Brady Rd,4,t,1205000,S,Jellis,01-09-2018,3165,Southern Metropolitan,10969,13.8,Glen Eira City Council
Bentleigh East,882 Centre Rd,4,h,900000,VB,Woodards,01-09-2018,3165,Southern Metropolitan,10969,13.8,Glen Eira City Council
Bentleigh East,19 Chesterville Dr,4,h,1000000,PI,Ray,01-09-2018,3165,Southern Metropolitan,10969,13.8,Glen Eira City Council
Bentleigh East,2 Elwyn St,3,h,,SN,Obrien,01-09-2018,3165,Southern Metropolitan,10969,13.8,Glen Eira City Council
Bentleigh East,34 Gladesville Dr,3,h,,VB,Buxton,01-09-2018,3165,Southern Metropolitan,10969,13.8,Glen Eira City Council
Bentleigh East,18b Paloma St,4,h,1345000,S,Jellis,01-09-2018,3165,Southern Metropolitan,10969,13.8,Glen Eira City Council
Bentleigh East,40b Warwick St,4,t,1260000,SP,Buxton,01-09-2018,3165,Southern Metropolitan,10969,13.8,Glen Eira City Council
Bentleigh East,47 Wingate St,3,h,1125000,PI,Jellis,01-09-2018,3165,Southern Metropolitan,10969,13.8,Glen Eira City Council
Black Rock,9 Eliza St,4,h,,S,Buxton,01-09-2018,3193,Southern Metropolitan,2866,17.3,Bayside City Council
Black Rock,3/19 Second St,2,u,842000,SP,Buxton,01-09-2018,3193,Southern Metropolitan,2866,17.3,Bayside City Council
Blackburn,2/17 Tara Av,2,u,689000,S,McGrath,01-09-2018,3130,Eastern Metropolitan,5713,13.4,Whitehorse City Council
Blackburn North,8 Belvedere Ct,3,h,890000,VB,Noel,01-09-2018,3130,Eastern Metropolitan,2867,13.4,Whitehorse City Council
Blackburn North,10 Gunyah Rd,3,h,860000,S,McGrath,01-09-2018,3130,Eastern Metropolitan,2867,13.4,Whitehorse City Council
Blackburn South,5 Agnew St,3,h,,SP,Fletchers,01-09-2018,3130,Eastern Metropolitan,4387,13.4,Whitehorse City Council
Blackburn South,15 Craig St,2,h,,SN,McGrath,01-09-2018,3130,Eastern Metropolitan,4387,13.4,Whitehorse City Council
Blackburn South,20 York St,4,h,980000,PI,Jellis,01-09-2018,3130,Eastern Metropolitan,4387,13.4,Whitehorse City Council
Box Hill,31 Sweetland Rd,8,h,1410000,S,HAR,01-09-2018,3128,Eastern Metropolitan,4605,10.9,Whitehorse City Council
Braybrook,3 Burnett Av,2,h,765000,SP,Sweeney,01-09-2018,3019,Western Metropolitan,3589,8.6,Maribyrnong City Council
Braybrook,56 South Rd,2,h,800000,SP,Bells,01-09-2018,3019,Western Metropolitan,3589,8.6,Maribyrnong City Council
Briar Hill,4 Ayr Ct,2,h,630000,VB,Jellis,01-09-2018,3088,Eastern Metropolitan,1390,16.1,Banyule City Council
Brighton,3/57 Asling St,2,u,1086000,S,Jellis,01-09-2018,3186,Southern Metropolitan,10579,10.5,Bayside City Council
Brighton,406/81 Asling St,3,u,,SN,Gary,01-09-2018,3186,Southern Metropolitan,10579,10.5,Bayside City Council
Brighton,3/32 Loller St,2,u,,VB,Hodges,01-09-2018,3186,Southern Metropolitan,10579,10.5,Bayside City Council
Brighton East,4 Allfrey St,4,h,,SN,Gary,01-09-2018,3187,Southern Metropolitan,6938,10.3,Bayside City Council
Brighton East,22A Lansdown St,4,h,1550000,VB,Marshall,01-09-2018,3187,Southern Metropolitan,6938,10.3,Bayside City Council
Brighton East,43 Studley Rd,4,h,2800000,VB,Marshall,01-09-2018,3187,Southern Metropolitan,6938,10.3,Bayside City Council
Brunswick,183 Barkly St,3,h,,SP,Barry,01-09-2018,3056,Northern Metropolitan,11918,5.2,Moreland City Council
Brunswick,82 Barrow St,3,h,,SP,Woodards,01-09-2018,3056,Northern Metropolitan,11918,5.2,Moreland City Council
Brunswick,32 Barry St,2,h,850000,VB,Brad,01-09-2018,3056,Northern Metropolitan,11918,5.2,Moreland City Council
Brunswick,16 Ewing St,2,h,880000,S,Nelson,01-09-2018,3056,Northern Metropolitan,11918,5.2,Moreland City Council
Brunswick,42 Macfarland St,3,h,1100000,S,Jellis,01-09-2018,3056,Northern Metropolitan,11918,5.2,Moreland City Council
Brunswick,2/7 Trafford St,2,h,700000,PI,Jellis,01-09-2018,3056,Northern Metropolitan,11918,5.2,Moreland City Council
Brunswick,3/7 Trafford St,2,h,705000,PI,Jellis,01-09-2018,3056,Northern Metropolitan,11918,5.2,Moreland City Council
Brunswick East,1615/176 Edward St,1,u,,SP,LITTLE,01-09-2018,3057,Northern Metropolitan,5533,4,Moreland City Council
Brunswick West,3/17 Cumming St,2,u,640000,S,Nelson,01-09-2018,3055,Northern Metropolitan,7082,5.2,Moreland City Council
Brunswick West,14 Everett St,4,h,1450000,S,Barry,01-09-2018,3055,Northern Metropolitan,7082,5.2,Moreland City Council
Brunswick West,25 Guthrie St,2,h,1100000,VB,Brad,01-09-2018,3055,Northern Metropolitan,7082,5.2,Moreland City Council
Brunswick West,1/43 Halpin St,3,t,880000,PI,Barry,01-09-2018,3055,Northern Metropolitan,7082,5.2,Moreland City Council
Brunswick West,3/86 Heller St,2,u,502000,S,Brad,01-09-2018,3055,Northern Metropolitan,7082,5.2,Moreland City Council
Brunswick West,10/118 Melville Rd,2,u,475000,SP,Walshe,01-09-2018,3055,Northern Metropolitan,7082,5.2,Moreland City Council
Bulleen,10 Cameo Ct,4,h,1220000,S,Fletchers,01-09-2018,3105,Eastern Metropolitan,4480,10.8,Manningham City Council
Bulleen,11 Claremont La,4,t,1300000,SP,Jellis,01-09-2018,3105,Eastern Metropolitan,4480,10.8,Manningham City Council
Bulleen,18 Latrobe St,4,h,1241000,S,Barry,01-09-2018,3105,Eastern Metropolitan,4480,10.8,Manningham City Council
Bundoora,3 Cashmore Ct,4,h,800500,S,Barry,01-09-2018,3083,Northern Metropolitan,10175,12.1,Banyule City Council
Bundoora,46 Gleeson Dr,3,h,730000,S,Darren,01-09-2018,3083,Northern Metropolitan,10175,12.1,Banyule City Council
Bundoora,9 Landbury Rd,3,h,631000,S,Darren,01-09-2018,3083,Northern Metropolitan,10175,12.1,Banyule City Council
Bundoora,14 Palmerston Av,4,h,1300000,S,Ray,01-09-2018,3083,Northern Metropolitan,10175,12.1,Banyule City Council
Bundoora,6 Windsor Cr,3,h,,SP,Ray,01-09-2018,3083,Northern Metropolitan,10175,12.1,Banyule City Council
Burwood,6 Cropley Ct,3,h,1195000,SP,Buxton,01-09-2018,3125,Southern Metropolitan,5678,10.4,Monash City Council
Burwood,69 McCubbin St,3,h,860000,PI,Barry,01-09-2018,3125,Southern Metropolitan,5678,10.4,Monash City Council
Burwood East,7 Jayson St,3,h,900000,VB,Fletchers,01-09-2018,3151,Eastern Metropolitan,4048,14.7,Whitehorse City Council
Burwood East,22 Oakham Av,3,h,1080000,S,Fletchers,01-09-2018,3151,Eastern Metropolitan,4048,14.7,Whitehorse City Council
Camberwell,28 Merton St,6,h,,PI,Kay,01-09-2018,3124,Southern Metropolitan,8920,7.7,Boroondara City Council
Camberwell,5/22 Russell St,2,u,1100000,PI,hockingstuart,01-09-2018,3124,Southern Metropolitan,8920,7.7,Boroondara City Council
Canterbury,4/28 Bryson St,2,u,,VB,Fletchers,01-09-2018,3126,Southern Metropolitan,3265,8.4,Boroondara City Council
Carlton,209/1 Bouverie St,3,u,800000,VB,Nelson,01-09-2018,3053,Northern Metropolitan,6786,1.6,Melbourne City Council
Carlton,122/101 Grattan St,2,u,710000,S,Nelson,01-09-2018,3053,Northern Metropolitan,6786,1.6,Melbourne City Council
Carlton,107 Station St,3,h,1650000,S,Nelson,01-09-2018,3053,Northern Metropolitan,6786,1.6,Melbourne City Council
Carlton North,26 Ogrady St,2,h,1500000,VB,Collins,01-09-2018,3054,Northern Metropolitan,3106,3.5,Melbourne City Council
Caulfield,39 Masters St,4,t,,PN,Hodges,01-09-2018,3162,Southern Metropolitan,2379,8.7,Glen Eira City Council
Caulfield South,307 Bambra Rd,3,h,1100000,VB,Gary,01-09-2018,3162,Southern Metropolitan,5051,8.7,Glen Eira City Council
Caulfield South,29 Frederick St,3,h,1250000,VB,Gary,01-09-2018,3162,Southern Metropolitan,5051,8.7,Glen Eira City Council
Cheltenham,22 Davie Av,3,h,1175000,PI,Hodges,01-09-2018,3192,Southern Metropolitan,9758,17.9,Bayside City Council
Cheltenham,10/1321 Nepean Hwy,3,u,736000,S,O'Brien,01-09-2018,3192,Southern Metropolitan,9758,17.9,Bayside City Council
Clayton,9 Myriong St,3,h,1450000,S,Buxton,01-09-2018,3168,South-Eastern Metropolitan,5837,16.7,Monash City Council
Clayton South,21 McMillan St,3,h,850000,S,JRW,01-09-2018,3169,South-Eastern Metropolitan,4734,17.5,Kingston City Council
Clifton Hill,34 Spensley St,3,h,1580000,VB,Nelson,01-09-2018,3068,Northern Metropolitan,2954,3.6,Yarra City Council
Coburg,8 Governors Rd,5,h,1250000,VB,Stockdale,01-09-2018,3058,Northern Metropolitan,11204,6.7,Darebin City Council
Coburg,6/1 Kaye Ct,3,t,650000,VB,Brad,01-09-2018,3058,Northern Metropolitan,11204,6.7,Darebin City Council
Coburg,10 Lobb St,3,h,930000,S,Woodards,01-09-2018,3058,Northern Metropolitan,11204,6.7,Darebin City Council
Coburg,101 Rose St,3,h,860000,VB,Nelson,01-09-2018,3058,Northern Metropolitan,11204,6.7,Darebin City Council
Coburg North,74 Camera Wk,3,h,777500,S,hockingstuart,01-09-2018,3058,Northern Metropolitan,3445,6.7,Darebin City Council
Coburg North,94 Newlands Rd,5,h,790000,PI,Brad,01-09-2018,3058,Northern Metropolitan,3445,6.7,Darebin City Council
Coburg North,15 Whitton Pde,2,h,,PI,Barry,01-09-2018,3058,Northern Metropolitan,3445,6.7,Darebin City Council
Craigieburn,52 Bowral Lp,3,h,560000,S,Barry,01-09-2018,3064,Northern Metropolitan,15510,20.6,Hume City Council
Craigieburn,113 Bridgewater Rd,3,h,460000,SP,Jason,01-09-2018,3064,Northern Metropolitan,15510,20.6,Hume City Council
Craigieburn,11 Cockatiel Cct,4,h,506000,SP,HAR,01-09-2018,3064,Northern Metropolitan,15510,20.6,Hume City Council
Craigieburn,20 Farrell St,3,h,410000,SP,Biggin,01-09-2018,3064,Northern Metropolitan,15510,20.6,Hume City Council
Craigieburn,40 Hanson Rd,3,h,,PI,Ray,01-09-2018,3064,Northern Metropolitan,15510,20.6,Hume City Council
Craigieburn,30 Lauderdale Dr,5,h,,PI,Barry,01-09-2018,3064,Northern Metropolitan,15510,20.6,Hume City Council
Craigieburn,3 Molland Ct,3,h,535000,S,O'Brien,01-09-2018,3064,Northern Metropolitan,15510,20.6,Hume City Council
Craigieburn,7 Tamarin St,4,h,562000,S,Barry,01-09-2018,3064,Northern Metropolitan,15510,20.6,Hume City Council
Cranbourne North,37 Blaxland Av,3,h,,PN,C21,01-09-2018,3977,South-Eastern Metropolitan,6464,34.7,Casey City Council
Croydon South,25A Homer Av,3,h,780000,S,Ray,01-09-2018,3136,Eastern Metropolitan,1863,23,Maroondah City Council
Dallas,39 Kaniva St,3,h,,PI,Barry,01-09-2018,3047,Northern Metropolitan,2246,14,Hume City Council
Dallas,31 Rosedale Cr,4,h,600000,S,Barry,01-09-2018,3047,Northern Metropolitan,2246,14,Hume City Council
Dandenong North,19 Halton Rd,4,h,640000,PI,Stockdale,01-09-2018,3175,South-Eastern Metropolitan,8322,24.7,Greater Dandenong City Council
Deer Park,12 Railway Pde,3,h,,PI,Bells,01-09-2018,3023,Western Metropolitan,6388,14.8,Brimbank City Council
Delahey,11 Lacebark Rd,3,h,550000,PI,O'Brien,01-09-2018,3037,Western Metropolitan,2898,18,Brimbank City Council
Dingley Village,3 Johanna Ct,3,u,708000,SP,Buxton,01-09-2018,3172,South-Eastern Metropolitan,3940,22.2,Kingston City Council
Doncaster,2 Grover Rd,4,h,,SP,Fletchers,01-09-2018,3108,Eastern Metropolitan,9028,12.4,Manningham City Council
Doncaster,27 Kelly St,4,h,1550000,PI,Philip,01-09-2018,3108,Eastern Metropolitan,9028,12.4,Manningham City Council
Doncaster East,2/46 Beverley St,2,u,745000,S,Barry,01-09-2018,3109,Eastern Metropolitan,10999,14.3,Manningham City Council
Doncaster East,6 Dowling Gr,4,h,1575000,PI,Barry,01-09-2018,3109,Eastern Metropolitan,10999,14.3,Manningham City Council
Doncaster East,48 Ross St,3,h,1146000,S,Jellis,01-09-2018,3109,Eastern Metropolitan,10999,14.3,Manningham City Council
Doreen,34 Sunstone Bvd,3,h,515000,SP,Ray,01-09-2018,3754,Northern Victoria,7254,25.9,Nillumbik Shire Council
Eaglemont,32 Cape St,4,h,1560000,VB,Miles,01-09-2018,3084,Eastern Metropolitan,1651,8.9,Banyule City Council
Edithvale,11 Keith Av,3,h,840000,SP,O'Brien,01-09-2018,3196,South-Eastern Metropolitan,2546,27,Kingston City Council
Elsternwick,3/469 Kooyong Rd,3,t,,S,Marshall,01-09-2018,3185,Southern Metropolitan,4898,7.2,Glen Eira City Council
Eltham,37 Shalbury Av,4,h,870000,SP,Morrison,01-09-2018,3095,Eastern Metropolitan,6990,18,Banyule City Council
Eltham North,15 Dale Av,4,h,820000,VB,Buckingham,01-09-2018,3095,Eastern Metropolitan,2346,18,Banyule City Council
Eltham North,11 Nimary Ct,5,h,,SP,Buckingham,01-09-2018,3095,Eastern Metropolitan,2346,18,Banyule City Council
Elwood,1/219 Brighton Rd,1,u,420000,S,Gary,01-09-2018,3184,Southern Metropolitan,8989,7.2,Port Phillip City Council
Elwood,6/74 Mitford St,1,u,648500,S,Pride,01-09-2018,3184,Southern Metropolitan,8989,7.2,Port Phillip City Council
Elwood,7/48 Southey St,1,u,,PI,Chisholm,01-09-2018,3184,Southern Metropolitan,8989,7.2,Port Phillip City Council
Elwood,4/15 Wimbledon Av,2,u,985000,S,Greg,01-09-2018,3184,Southern Metropolitan,8989,7.2,Port Phillip City Council
Epping,8 Gillespie Pl,4,h,565000,S,Ray,01-09-2018,3076,Northern Metropolitan,10926,19.6,Whittlesea City Council
Essendon,5/3 Forbes St,2,u,485000,S,Frank,01-09-2018,3040,Western Metropolitan,9264,7.5,Moonee Valley City Council
Essendon,24 Hoddle St,4,h,2140000,SP,Barry,01-09-2018,3040,Western Metropolitan,9264,7.5,Moonee Valley City Council
Essendon,14 Levien St,3,h,1170000,S,Nelson,01-09-2018,3040,Western Metropolitan,9264,7.5,Moonee Valley City Council
Essendon,103 McPherson St,3,h,1350000,VB,McDonald,01-09-2018,3040,Western Metropolitan,9264,7.5,Moonee Valley City Council
Essendon,8 Vanberg Rd,4,h,1900000,S,Walshe,01-09-2018,3040,Western Metropolitan,9264,7.5,Moonee Valley City Council
Essendon North,4 Madden St,3,h,,S,Nelson,01-09-2018,3041,Western Metropolitan,1308,8.2,Moonee Valley City Council
Essendon West,18A Emerald St,4,h,1450000,S,Frank,01-09-2018,3040,Western Metropolitan,588,7.5,Moonee Valley City Council
Essendon West,4/25 Hampton Rd,2,u,460000,VB,Nelson,01-09-2018,3040,Western Metropolitan,588,7.5,Moonee Valley City Council
Essendon West,20 Prospect St,3,h,,S,Brad,01-09-2018,3040,Western Metropolitan,588,7.5,Moonee Valley City Council
Fairfield,38 Arthur St,3,h,,SN,PNJ,01-09-2018,3078,Northern Metropolitan,2970,5.7,Darebin City Council
Fairfield,16 Darling St,4,h,1510000,PI,Jellis,01-09-2018,3078,Northern Metropolitan,2970,5.7,Darebin City Council
Fawkner,2/38 Edward St,3,u,630000,S,Brad,01-09-2018,3060,Northern Metropolitan,5070,13.1,Hume City Council
Fawkner,14 Moray St,2,h,950000,VB,Stockdale,01-09-2018,3060,Northern Metropolitan,5070,13.1,Hume City Council
Ferntree Gully,46 Chestnut Av,4,h,721000,S,Ray,01-09-2018,3156,Eastern Metropolitan,10788,24.8,Knox City Council
Ferntree Gully,15 Mason St,3,h,,PN,LJ,01-09-2018,3156,Eastern Metropolitan,10788,24.8,Knox City Council
Fitzroy,452 George St,3,h,,SN,Nelson,01-09-2018,3065,Northern Metropolitan,5825,2.1,Yarra City Council
Fitzroy,56 Kerr St,3,h,1252500,S,Nelson,01-09-2018,3065,Northern Metropolitan,5825,2.1,Yarra City Council
Fitzroy North,80 Fergie St,5,h,,PI,Nelson,01-09-2018,3068,Northern Metropolitan,6244,3.6,Moreland City Council
Fitzroy North,50 McKean St,2,h,1540000,PI,Nelson,01-09-2018,3068,Northern Metropolitan,6244,3.6,Moreland City Council
Fitzroy North,190 Rae St,3,h,1757000,S,Jellis,01-09-2018,3068,Northern Metropolitan,6244,3.6,Moreland City Council
Flemington,8/37 Bignell St,1,u,347000,SP,Jellis,01-09-2018,3031,Northern Metropolitan,3593,3.4,Melbourne City Council
Forest Hill,2A Clifford Ct,3,t,755000,S,Jellis,01-09-2018,3131,Eastern Metropolitan,4385,15.4,Whitehorse City Council
Forest Hill,41 Romoly Dr,3,h,,SP,Bekdon,01-09-2018,3131,Eastern Metropolitan,4385,15.4,Whitehorse City Council
Frankston,2 Cricklewood Av,3,h,,SN,Barry,01-09-2018,3199,South-Eastern Metropolitan,17055,38,Frankston City Council
Frankston,6 Kars St,3,h,,PI,Ray,01-09-2018,3199,South-Eastern Metropolitan,17055,38,Frankston City Council
Gardenvale,10 Lucy St,4,h,,PI,Biggin,01-09-2018,3185,Southern Metropolitan,534,7.2,Glen Eira City Council
Gladstone Park,19 Payne St,3,h,598000,S,YPA,01-09-2018,3043,Western Metropolitan,3285,12.9,Hume City Council
Glen Iris,12/63 Edgar St N,1,u,377000,S,Jellis,01-09-2018,3146,Southern Metropolitan,10412,7.3,Boroondara City Council
Glen Iris,196 Finch St,3,h,2301000,S,Kay,01-09-2018,3146,Southern Metropolitan,10412,7.3,Boroondara City Council
Glen Iris,204/108 Glen Iris Rd,2,u,640000,SP,Marshall,01-09-2018,3146,Southern Metropolitan,10412,7.3,Boroondara City Council
Glen Iris,4/1441 High St,3,h,1200000,VB,Marshall,01-09-2018,3146,Southern Metropolitan,10412,7.3,Boroondara City Council
Glen Iris,24 Montana St,3,h,2255000,S,Marshall,01-09-2018,3146,Southern Metropolitan,10412,7.3,Boroondara City Council
Glen Waverley,7 Brentwood Dr,4,h,,PI,Biggin,01-09-2018,3150,Eastern Metropolitan,15321,16.7,Monash City Council
Glen Waverley,8 Bunker Cr,4,h,1660000,SP,Harcourts,01-09-2018,3150,Eastern Metropolitan,15321,16.7,Monash City Council
Glen Waverley,16 Fernhill St,3,h,2080000,S,Barry,01-09-2018,3150,Eastern Metropolitan,15321,16.7,Monash City Council
Glen Waverley,3 Golden Gr,4,h,1327000,S,Harcourts,01-09-2018,3150,Eastern Metropolitan,15321,16.7,Monash City Council
Glen Waverley,14 Knightsbridge Ct,5,h,2121800,S,Harcourts,01-09-2018,3150,Eastern Metropolitan,15321,16.7,Monash City Council
Glen Waverley,3/21 Kurrajong Av,3,t,,PI,Harcourts/Biggin,01-09-2018,3150,Eastern Metropolitan,15321,16.7,Monash City Council
Glen Waverley,17 Remington Dr,5,h,1450000,S,Barry,01-09-2018,3150,Eastern Metropolitan,15321,16.7,Monash City Council
Glen Waverley,8 Wilfred Ct,2,h,,SP,Biggin,01-09-2018,3150,Eastern Metropolitan,15321,16.7,Monash City Council
Glen Waverley,98 Windella Cr,4,h,1185000,S,Ray,01-09-2018,3150,Eastern Metropolitan,15321,16.7,Monash City Council
Glenroy,80 Evell St,3,h,750000,PI,Barry,01-09-2018,3046,Northern Metropolitan,8870,11.2,Moreland City Council
Glenroy,121 John St,3,h,702500,SP,Eview,01-09-2018,3046,Northern Metropolitan,8870,11.2,Moreland City Council
Glenroy,1/1 Meadowbank St,3,t,580000,S,Nelson,01-09-2018,3046,Northern Metropolitan,8870,11.2,Moreland City Council
Glenroy,4/1 Meadowbank St,2,t,500000,VB,Nelson,01-09-2018,3046,Northern Metropolitan,8870,11.2,Moreland City Council
Glenroy,1/6 Murrell St,2,u,,S,Stockdale,01-09-2018,3046,Northern Metropolitan,8870,11.2,Moreland City Council
Greensborough,44 Pinehills Dr,3,h,,SP,Nelson,01-09-2018,3088,Northern Metropolitan,8524,16.1,Banyule City Council
Greenvale,3 Drinkwater Pl,4,h,670000,PI,YPA,01-09-2018,3059,Northern Metropolitan,4864,20.4,Hume City Council
Greenvale,9 Macbean Ct,5,h,1730000,S,RW,01-09-2018,3059,Northern Metropolitan,4864,20.4,Hume City Council
Hadfield,10 Talbot St,2,h,,S,Barry,01-09-2018,3046,Northern Metropolitan,2606,11.2,Moreland City Council
Hadfield,23 The Loop,3,h,795000,VB,Stockdale,01-09-2018,3046,Northern Metropolitan,2606,11.2,Moreland City Council
Hadfield,55 West St,3,h,757000,S,Nelson,01-09-2018,3046,Northern Metropolitan,2606,11.2,Moreland City Council
Hampton,3/5 Hastings St,3,u,1230000,S,Buxton,01-09-2018,3188,Southern Metropolitan,5454,13.8,Bayside City Council
Hampton,5/39 Holyrood St,3,u,880000,VB,Biggin,01-09-2018,3188,Southern Metropolitan,5454,13.8,Bayside City Council
Hampton,13 Kingston St,3,h,1550000,VB,Buxton,01-09-2018,3188,Southern Metropolitan,5454,13.8,Bayside City Council
Hampton,78 Orlando St,3,h,1900000,PI,Buxton,01-09-2018,3188,Southern Metropolitan,5454,13.8,Bayside City Council
Hampton,1 Storey Av,4,h,1855000,PI,Buxton,01-09-2018,3188,Southern Metropolitan,5454,13.8,Bayside City Council
Hampton,17 Villeroy St,5,h,,S,Buxton,01-09-2018,3188,Southern Metropolitan,5454,13.8,Bayside City Council
Hampton East,2/53 Lonsdale Av,3,t,,VB,Buxton,01-09-2018,3188,Southern Metropolitan,2356,13.8,Bayside City Council
Hampton East,100 Wickham Rd,4,h,,SN,hockingstuart,01-09-2018,3188,Southern Metropolitan,2356,13.8,Bayside City Council
Hawthorn,11/32 Berkeley St,2,u,650000,SP,Marshall,01-09-2018,3122,Southern Metropolitan,11308,5.3,Boroondara City Council
Hawthorn,9 Leslie St,3,h,,VB,Jellis,01-09-2018,3122,Southern Metropolitan,11308,5.3,Boroondara City Council
Hawthorn,16 Oak St,6,h,5000000,VB,Kay,01-09-2018,3122,Southern Metropolitan,11308,5.3,Boroondara City Council
Hawthorn,303/39 Riversdale Rd,2,u,935000,S,hockingstuart,01-09-2018,3122,Southern Metropolitan,11308,5.3,Boroondara City Council
Hawthorn East,18 Cole St,3,h,,SN,Marshall,01-09-2018,3123,Southern Metropolitan,6482,6.2,Boroondara City Council
Hawthorn East,47 Havelock Rd,3,h,2850000,VB,Jellis,01-09-2018,3123,Southern Metropolitan,6482,6.2,Boroondara City Council
Hawthorn East,14 Selwood St,5,h,,W,Buxton,01-09-2018,3123,Southern Metropolitan,6482,6.2,Boroondara City Council
Heathmont,17 Coven Av,4,h,918000,S,Fletchers,01-09-2018,3135,Eastern Metropolitan,3794,21.3,Maroondah City Council
Heidelberg Heights,52 Gotha St,3,h,810000,S,Jellis,01-09-2018,3081,Eastern Metropolitan,2947,8.8,Banyule City Council
Heidelberg West,2 Borneo Ct,2,h,650000,SP,Nelson,01-09-2018,3081,Eastern Metropolitan,2674,8.8,Banyule City Council
Heidelberg West,14 Catalina St,2,h,675000,S,RT,01-09-2018,3081,Eastern Metropolitan,2674,8.8,Banyule City Council
Heidelberg West,40 Catalina St,3,h,690000,S,William,01-09-2018,3081,Eastern Metropolitan,2674,8.8,Banyule City Council
Highett,8A Albert St,3,t,1320000,S,Hodges,01-09-2018,3190,Southern Metropolitan,4794,16,Bayside City Council
Highett,2 Findon Ct,2,t,820000,PI,Buxton,01-09-2018,3190,Southern Metropolitan,4794,16,Bayside City Council
Highett,2/5 Hibberd St,3,u,,SN,Ray,01-09-2018,3190,Southern Metropolitan,4794,16,Bayside City Council
Highett,11 Train St,3,h,,PI,Biggin,01-09-2018,3190,Southern Metropolitan,4794,16,Bayside City Council
Hillside,4 Rupicola Ct,4,h,1350000,PI,Prof.,01-09-2018,3037,Western Metropolitan,5556,18,Brimbank City Council
Hoppers Crossing,31 Woolpack St,4,h,590000,SP,hockingstuart,01-09-2018,3029,Western Metropolitan,13830,18.4,Wyndham City Council
Ivanhoe,76 Beatty St,3,h,1280000,VB,Miles,01-09-2018,3079,Eastern Metropolitan,5549,7.8,Banyule City Council
Ivanhoe,3 Cook St,2,h,1060000,S,Miles,01-09-2018,3079,Eastern Metropolitan,5549,7.8,Banyule City Council
Ivanhoe,5 Ironbark Cr,3,t,835000,PI,RT,01-09-2018,3079,Eastern Metropolitan,5549,7.8,Banyule City Council
Ivanhoe,2/90 St Elmo Rd,2,u,,PI,Jellis,01-09-2018,3079,Eastern Metropolitan,5549,7.8,Banyule City Council
Ivanhoe,1/1 Wallace St,3,u,,SN,Miles,01-09-2018,3079,Eastern Metropolitan,5549,7.8,Banyule City Council
Ivanhoe East,41 Streeton Cr,5,h,1950000,SP,Miles,01-09-2018,3079,Eastern Metropolitan,1554,7.8,Banyule City Council
Ivanhoe East,2 The Oaks,4,h,1800000,VB,Miles,01-09-2018,3079,Eastern Metropolitan,1554,7.8,Banyule City Council
Jacana,25 Bannister St,3,h,479000,S,Red,01-09-2018,3047,Northern Metropolitan,851,14,Hume City Council
Kealba,3 Nerida Ct,4,h,640000,SP,Brad,01-09-2018,3021,Western Metropolitan,1202,14,Brimbank City Council
Keilor,15 Eagling St,5,h,1360000,S,Nelson,01-09-2018,3036,Western Metropolitan,2339,14.5,Brimbank City Council
Keilor Downs,14 Bernborough Ct,3,h,720000,SP,Barry,01-09-2018,3038,Western Metropolitan,3656,15.5,Brimbank City Council
Keilor Downs,7 Tulloch Ct,3,h,,S,Brad,01-09-2018,3038,Western Metropolitan,3656,15.5,Brimbank City Council
Keilor East,14 Groves St,5,h,,SP,Nelson,01-09-2018,3033,Western Metropolitan,5629,11.7,Brimbank City Council
Keilor East,6 Woorigoleen Dr,2,h,750500,S,Harcourts,01-09-2018,3033,Western Metropolitan,5629,11.7,Brimbank City Council
Keilor Park,39 Victory St,5,h,770000,S,Prof.,01-09-2018,3042,Western Metropolitan,1119,10.4,Brimbank City Council
Kew,50 Argyle Rd,3,h,,SN,Marshall,01-09-2018,3101,Southern Metropolitan,10331,5.4,Boroondara City Council
Kew,9 Clevedon Ct,4,h,1900000,S,Nelson,01-09-2018,3101,Southern Metropolitan,10331,5.4,Boroondara City Council
Kew,11 McEvoy St,3,h,,S,Marshall,01-09-2018,3101,Southern Metropolitan,10331,5.4,Boroondara City Council
Kew,2/77 Princess St,4,h,1482000,SP,Marshall,01-09-2018,3101,Southern Metropolitan,10331,5.4,Boroondara City Council
Kew East,31 Baker Av,5,h,,SP,Marshall,01-09-2018,3102,Southern Metropolitan,2671,7.3,Boroondara City Council
Kew East,25 Spruzen Av,4,h,2130000,S,Jellis,01-09-2018,3102,Southern Metropolitan,2671,7.3,Boroondara City Council
Kew East,65 Windella Av,4,h,1850000,VB,Jellis,01-09-2018,3102,Southern Metropolitan,2671,7.3,Boroondara City Council
Keysborough,9 Darlington St,4,h,880000,S,Area,01-09-2018,3173,South-Eastern Metropolitan,8459,25.2,Greater Dandenong City Council
Kings Park,8 Lisbon Ct,6,h,620500,S,RW,01-09-2018,3021,Western Metropolitan,2878,14,Brimbank City Council
Kingsville,139 Coronation St,3,h,900000,VB,Jas,01-09-2018,3012,Western Metropolitan,1808,6.4,Maribyrnong City Council
Kingsville,52 Kingsville St,3,h,1370000,S,McGrath,01-09-2018,3012,Western Metropolitan,1808,6.4,Maribyrnong City Council
Kingsville,167 Queensville St,3,h,890000,VB,hockingstuart,01-09-2018,3012,Western Metropolitan,1808,6.4,Maribyrnong City Council
Knoxfield,26 Appleberry Cl,3,h,870500,S,McGrath,01-09-2018,3180,Eastern Metropolitan,2949,23.3,Knox City Council
Lalor,21 David St,3,h,640000,S,Skad,01-09-2018,3075,Northern Metropolitan,8279,16.3,Whittlesea City Council
Lalor,6 Herman Rd,3,h,650000,S,Ray,01-09-2018,3075,Northern Metropolitan,8279,16.3,Whittlesea City Council
Lalor,39 Nebel St,3,h,661100,S,HAR,01-09-2018,3075,Northern Metropolitan,8279,16.3,Whittlesea City Council
Lower Plenty,4/21 Alma St,3,u,658500,SP,Jellis,01-09-2018,3093,Eastern Metropolitan,1624,14.6,Banyule City Council
Maidstone,8/8 Crefden St,2,u,468000,S,HAR,01-09-2018,3012,Western Metropolitan,3873,6.4,Maribyrnong City Council
Maidstone,16B Suffolk St,3,t,785000,SP,Biggin,01-09-2018,3012,Western Metropolitan,3873,6.4,Maribyrnong City Council
Malvern,19 Bonview Rd,4,h,2700000,VB,Jellis,01-09-2018,3144,Southern Metropolitan,4675,5.9,Stonnington City Council
Malvern,1/364 Glenferrie Rd,3,u,,SP,Jellis,01-09-2018,3144,Southern Metropolitan,4675,5.9,Stonnington City Council
Malvern,22/1231 Malvern Rd,2,u,781000,S,Jellis,01-09-2018,3144,Southern Metropolitan,4675,5.9,Stonnington City Council
Malvern East,17 Cairnes Cr,4,h,1700000,VB,Marshall,01-09-2018,3145,Southern Metropolitan,8801,8.4,Stonnington City Council
Malvern East,16 Forster Av,4,h,1750000,VB,Jellis,01-09-2018,3145,Southern Metropolitan,8801,8.4,Stonnington City Council
Malvern East,383 Waverley Rd,4,h,1160000,PI,Jellis,01-09-2018,3145,Southern Metropolitan,8801,8.4,Stonnington City Council
Maribyrnong,2 Speargrass St,4,h,1320000,VB,Biggin,01-09-2018,3032,Western Metropolitan,4918,4.3,Maribyrnong City Council
Melbourne,201/300 Collins St,2,u,1320000,S,Finders,01-09-2018,3000,Northern Metropolitan,17496,0,Melbourne City Council
Melbourne,814/555 Flinders St,1,u,,PN,MICM,01-09-2018,3000,Northern Metropolitan,17496,0,Melbourne City Council
Melbourne,180/28 Little Lonsdale St,3,u,753000,S,McGrath,01-09-2018,3000,Northern Metropolitan,17496,0,Melbourne City Council
Melbourne,18/8 Louise St,2,u,,VB,Greg,01-09-2018,3000,Northern Metropolitan,17496,0,Melbourne City Council
Melbourne,38/78 Queens Rd,2,u,452000,S,Buxton,01-09-2018,3000,Northern Metropolitan,17496,0,Melbourne City Council
Mentone,1/258 Balcombe Rd,4,h,1020000,PI,Barry,01-09-2018,3194,South-Eastern Metropolitan,6162,20,Kingston City Council
Mentone,5/26 Bourke St,1,u,370000,S,Jellis,01-09-2018,3194,South-Eastern Metropolitan,6162,20,Kingston City Council
Mentone,37 Bundora Pde,3,h,,VB,Greg,01-09-2018,3194,South-Eastern Metropolitan,6162,20,Kingston City Council
Mentone,4 Chicquita Cct,3,t,800000,S,hockingstuart,01-09-2018,3194,South-Eastern Metropolitan,6162,20,Kingston City Council
Mentone,7B Clyve Av,3,t,1160000,S,Ray,01-09-2018,3194,South-Eastern Metropolitan,6162,20,Kingston City Council
Mentone,12 Southern Rd,3,h,890000,PI,Buxton,01-09-2018,3194,South-Eastern Metropolitan,6162,20,Kingston City Council
Mernda,1 Dante Wk,3,h,507500,S,RW,01-09-2018,3754,Northern Metropolitan,5812,25.9,Whittlesea City Council
Mernda,12 Emilia Ch,4,h,853000,S,RW,01-09-2018,3754,Northern Metropolitan,5812,25.9,Whittlesea City Council
Mernda,27 Erskine Rd,3,h,533000,SP,Love,01-09-2018,3754,Northern Metropolitan,5812,25.9,Whittlesea City Council
Mernda,16 Friesian St,4,h,520000,S,Stockdale,01-09-2018,3754,Northern Metropolitan,5812,25.9,Whittlesea City Council
Mernda,18 Friesian St,3,h,546000,S,Stockdale,01-09-2018,3754,Northern Metropolitan,5812,25.9,Whittlesea City Council
Mernda,2 Levens La,4,h,535000,SP,Morrison,01-09-2018,3754,Northern Metropolitan,5812,25.9,Whittlesea City Council
Mernda,20 Licodia Pde,3,h,522000,S,Jellis,01-09-2018,3754,Northern Metropolitan,5812,25.9,Whittlesea City Council
Middle Park,23 Wright St,3,h,,PI,Home,01-09-2018,3206,Southern Metropolitan,2019,3,Port Phillip City Council
Mill Park,23 Coventry Cr,3,h,670500,S,Barry,01-09-2018,3082,Northern Metropolitan,10529,17.9,Whittlesea City Council
Mill Park,17 Hope Ct,4,h,710000,S,Barry,01-09-2018,3082,Northern Metropolitan,10529,17.9,Whittlesea City Council
Mill Park,12 Mayfield Dr,3,h,707000,S,HAR,01-09-2018,3082,Northern Metropolitan,10529,17.9,Whittlesea City Council
Mill Park,7 Olsen Wk,2,t,450000,SP,Ray,01-09-2018,3082,Northern Metropolitan,10529,17.9,Whittlesea City Council
Mill Park,5 Turtur Cl,3,h,632000,SP,The,01-09-2018,3082,Northern Metropolitan,10529,17.9,Whittlesea City Council
Mill Park,10 Warren Cl,3,h,690000,S,HAR,01-09-2018,3082,Northern Metropolitan,10529,17.9,Whittlesea City Council
Mitcham,3 Kauri Ct,4,h,932000,S,Fletchers,01-09-2018,3132,Eastern Metropolitan,6871,17.2,Whitehorse City Council
Montmorency,2/425 Main Rd,3,t,,PI,Barry,01-09-2018,3094,Eastern Metropolitan,3891,16.2,Banyule City Council
Montmorency,3/8 Station Rd,3,u,900000,S,Jellis,01-09-2018,3094,Eastern Metropolitan,3891,16.2,Banyule City Council
Montmorency,19 Wooded Wy,3,h,,PI,Buckingham,01-09-2018,3094,Eastern Metropolitan,3891,16.2,Banyule City Council
Moonee Ponds,51 Bent St,4,h,,S,Jellis,01-09-2018,3039,Western Metropolitan,6232,6.2,Moonee Valley City Council
Moonee Ponds,16 Dean St,2,h,830000,VB,Nelson,01-09-2018,3039,Western Metropolitan,6232,6.2,Moonee Valley City Council
Moonee Ponds,118 Eglinton St,3,h,1475000,VB,Barry,01-09-2018,3039,Western Metropolitan,6232,6.2,Moonee Valley City Council
Moonee Ponds,16 Milverton St,4,h,2000000,SP,Frank,01-09-2018,3039,Western Metropolitan,6232,6.2,Moonee Valley City Council
Moonee Ponds,10 Tennyson St,4,h,1300000,VB,Brad,01-09-2018,3039,Western Metropolitan,6232,6.2,Moonee Valley City Council
Moorabbin,103A Bulli St,3,t,1200000,S,Buxton,01-09-2018,3189,Southern Metropolitan,2555,14.3,Kingston City Council
Moorabbin,25 Hillston Rd,3,h,1100000,PI,Buxton,01-09-2018,3189,Southern Metropolitan,2555,14.3,Kingston City Council
Moorabbin,1040A Nepean Hwy,3,t,,PN,Woodards,01-09-2018,3189,Southern Metropolitan,2555,14.3,Kingston City Council
Mount Waverley,22 Bruce St,5,h,,PN,Jellis,01-09-2018,3149,Eastern Metropolitan,13366,14.2,Monash City Council
Mount Waverley,6 Castlereagh Ct,5,h,1270000,S,Ray,01-09-2018,3149,Eastern Metropolitan,13366,14.2,Monash City Council
Mount Waverley,6 Donald St,3,h,1210500,S,Fletchers,01-09-2018,3149,Eastern Metropolitan,13366,14.2,Monash City Council
Mount Waverley,4 Lynn St,4,t,1200000,VB,Barry,01-09-2018,3149,Eastern Metropolitan,13366,14.2,Monash City Council
Mount Waverley,12 Sunhill Rd,5,h,1420000,S,Harcourts,01-09-2018,3149,Eastern Metropolitan,13366,14.2,Monash City Council
Mount Waverley,1 Toombah St,4,h,1235000,S,Jellis,01-09-2018,3149,Eastern Metropolitan,13366,14.2,Monash City Council
Mulgrave,1 Jayco Ct,4,h,898000,S,Ray,01-09-2018,3170,South-Eastern Metropolitan,7113,18.8,Monash City Council
Mulgrave,19 Stradbroke Cr,3,h,857000,S,Harcourts,01-09-2018,3170,South-Eastern Metropolitan,7113,18.8,Monash City Council
Murrumbeena,1/8 Dunoon St,3,u,570000,S,Ray,01-09-2018,3163,Southern Metropolitan,4442,10.1,Glen Eira City Council
Murrumbeena,7/121 Murrumbeena Rd,2,u,620000,S,Gary,01-09-2018,3163,Southern Metropolitan,4442,10.1,Glen Eira City Council
Newport,279 Douglas Pde,3,h,915000,S,Williams,01-09-2018,3015,Western Metropolitan,5498,6.2,Hobsons Bay City Council
Niddrie,58 Coghlan St,3,h,1185000,SA,Barry,01-09-2018,3042,Western Metropolitan,2291,10.4,Moonee Valley City Council
Niddrie,14 Haldane Rd,3,h,,PI,Barry,01-09-2018,3042,Western Metropolitan,2291,10.4,Moonee Valley City Council
Niddrie,3/8 Hutchison St,3,u,,VB,Harcourts,01-09-2018,3042,Western Metropolitan,2291,10.4,Moonee Valley City Council
Noble Park,1/5 Athol Rd,3,t,,PI,Barry,01-09-2018,3174,South-Eastern Metropolitan,11806,22.7,Greater Dandenong City Council
North Melbourne,26 Melrose St,3,h,1050000,VB,Nelson,01-09-2018,3051,Northern Metropolitan,6821,1.8,Melbourne City Council
Northcote,25 Albert St,1,h,,PI,Jellis,01-09-2018,3070,Northern Metropolitan,11364,5.3,Darebin City Council
Northcote,4/442 High St,2,u,540000,VB,Jellis,01-09-2018,3070,Northern Metropolitan,11364,5.3,Darebin City Council
Northcote,35 Salisbury Gr,3,h,1500000,PI,McGrath,01-09-2018,3070,Northern Metropolitan,11364,5.3,Darebin City Council
Northcote,67 Victoria Rd,4,h,2405500,S,Nelson,01-09-2018,3070,Northern Metropolitan,11364,5.3,Darebin City Council
Nunawading,30 Candlebark La,4,h,,S,Fletchers,01-09-2018,3131,Eastern Metropolitan,4973,15.4,Manningham City Council
Nunawading,227 Springvale Rd,3,h,750000,PI,Woodards,01-09-2018,3131,Eastern Metropolitan,4973,15.4,Manningham City Council
Oak Park,4 Draska Ct,3,h,,PN,Eview,01-09-2018,3046,Northern Metropolitan,2651,11.2,Moreland City Council
Oakleigh East,1669 Dandenong Rd,3,h,950000,PI,RT,01-09-2018,3166,Southern Metropolitan,2547,12.3,Monash City Council
Oakleigh East,1/10 Franklyn St,4,t,990000,SP,Jellis,01-09-2018,3166,Southern Metropolitan,2547,12.3,Monash City Council
Oakleigh East,9 Mercer St,4,h,1180000,PI,Woodards,01-09-2018,3166,Southern Metropolitan,2547,12.3,Monash City Council
Oakleigh South,1/6 Guest Rd,2,u,670000,PI,Woodards,01-09-2018,3167,South-Eastern Metropolitan,3692,15.5,Kingston City Council
Ormond,9 Malua St,4,h,2475000,PI,Jellis,01-09-2018,3204,Southern Metropolitan,3578,11.4,Glen Eira City Council
Ormond,280A Tucker Rd,4,t,1366000,S,Jellis,01-09-2018,3204,Southern Metropolitan,3578,11.4,Glen Eira City Council
Ormond,4/47 Wheeler St,2,t,790000,SP,Woodards,01-09-2018,3204,Southern Metropolitan,3578,11.4,Glen Eira City Council
Parkdale,13 Laburnum St,3,h,,S,hockingstuart,01-09-2018,3195,South-Eastern Metropolitan,5087,21.5,Kingston City Council
Parkdale,18 Meribah Ct,4,h,1170000,VB,Barry,01-09-2018,3195,South-Eastern Metropolitan,5087,21.5,Kingston City Council
Parkdale,3/92 Warrigal Rd,2,u,487000,S,Ray,01-09-2018,3195,South-Eastern Metropolitan,5087,21.5,Kingston City Council
Pascoe Vale,25 Bolingbroke St,3,t,860000,PI,Jellis,01-09-2018,3044,Northern Metropolitan,7485,8.5,Moreland City Council
Pascoe Vale,5/11 Callander Rd,2,u,558000,S,McDonald,01-09-2018,3044,Northern Metropolitan,7485,8.5,Moreland City Council
Pascoe Vale,327 Gaffney St,3,h,770000,VB,Nelson,01-09-2018,3044,Northern Metropolitan,7485,8.5,Moreland City Council
Point Cook,8 Atlas Wk,3,h,,SN,Ray,01-09-2018,3030,Western Metropolitan,15542,14.7,Wyndham City Council
Point Cook,12 Grassmere Rd,3,h,640000,VB,Point,01-09-2018,3030,Western Metropolitan,15542,14.7,Wyndham City Council
Point Cook,11 Hemsley Prm,3,h,715000,SP,hockingstuart,01-09-2018,3030,Western Metropolitan,15542,14.7,Wyndham City Council
Point Cook,21 Jansar St,3,h,,W,LJ,01-09-2018,3030,Western Metropolitan,15542,14.7,Wyndham City Council
Point Cook,22 Spinifex St,4,h,,SN,Ray,01-09-2018,3030,Western Metropolitan,15542,14.7,Wyndham City Council
Port Melbourne,103/38 Nott St,1,u,,PI,Buxton,01-09-2018,3207,Southern Metropolitan,8648,3.5,Melbourne City Council
Port Melbourne,402 Williamstown Rd,3,h,1660000,S,Buxton,01-09-2018,3207,Southern Metropolitan,8648,3.5,Melbourne City Council
Prahran,11/297 Dandenong Rd,2,u,512500,S,Marshall,01-09-2018,3181,Southern Metropolitan,7717,4.6,Stonnington City Council
