McKinnon,1/6 McKinnon Rd,3,t,1000000,SP,Gary,02-06-2018,3204,Southern Metropolitan,2397,11.4,Glen Eira City Council
McKinnon,1/4 Prince Edward Av,3,t,1150000,VB,Gary,02-06-2018,3204,Southern Metropolitan,2397,11.4,Glen Eira City Council
Meadow Heights,12 Knight Ct,3,h,,SN,FN,02-06-2018,3048,Northern Metropolitan,4704,17.4,Hume City Council
Melbourne,51/283 Spring St,2,u,720000,SP,MICM,02-06-2018,3000,Northern Metropolitan,17496,0,Melbourne City Council
Melbourne,106/431 St Kilda Rd,2,u,705000,S,Morleys,02-06-2018,3000,Northern Metropolitan,17496,0,Melbourne City Council
Melton South,29 Eaton St,3,h,375000,S,Raine,02-06-2018,3338,Western Victoria,4718,29.8,Melton City Council
Melton West,18 Becker Cl,3,h,510000,S,hockingstuart,02-06-2018,3337,Northern Victoria,6065,31.7,Melton City Council
Mentone,27 Balcombe Rd,4,h,1250000,PI,Hodges,02-06-2018,3194,South-Eastern Metropolitan,6162,20,Kingston City Council
Mentone,26A Naples Rd,2,t,858500,S,Greg,02-06-2018,3194,South-Eastern Metropolitan,6162,20,Kingston City Council
Mentone,7/21 Palermo St,1,u,415000,S,C21,02-06-2018,3194,South-Eastern Metropolitan,6162,20,Kingston City Council
Mentone,3 Rimmer St,4,h,1100000,VB,Obrien,02-06-2018,3194,South-Eastern Metropolitan,6162,20,Kingston City Council
Mentone,78 Venice St,4,h,1800000,VB,hockingstuart,02-06-2018,3194,South-Eastern Metropolitan,6162,20,Kingston City Council
Mernda,6 Brendan St,3,h,618000,S,Stockdale,02-06-2018,3754,Northern Metropolitan,5812,25.9,Whittlesea City Council
Mernda,24 Coliban Dr,4,h,,PI,HAR,02-06-2018,3754,Northern Metropolitan,5812,25.9,Whittlesea City Council
Mernda,3 Elmore Wy,4,h,650000,S,HAR,02-06-2018,3754,Northern Metropolitan,5812,25.9,Whittlesea City Council
Mernda,65 Langdon Dr,3,h,,PI,HAR,02-06-2018,3754,Northern Metropolitan,5812,25.9,Whittlesea City Council
Mernda,37 Skeeter Dr,3,h,,PI,Skad,02-06-2018,3754,Northern Metropolitan,5812,25.9,Whittlesea City Council
Mickleham,2095 Mickleham Rd,7,h,,SN,Exchanged,02-06-2018,3064,Northern Metropolitan,1158,20.6,Hume City Council
Middle Park,45 Nimmo St,3,h,,VB,Greg,02-06-2018,3206,Southern Metropolitan,2019,3,Port Phillip City Council
Middle Park,80 Nimmo St,4,h,5440000,S,Cayzer,02-06-2018,3206,Southern Metropolitan,2019,3,Port Phillip City Council
Middle Park,8/70 Patterson St,1,u,380000,VB,hockingstuart,02-06-2018,3206,Southern Metropolitan,2019,3,Port Phillip City Council
Mill Park,26 Charlotte Rd,5,h,835000,S,Barry,02-06-2018,3082,Northern Metropolitan,10529,17.9,Whittlesea City Council
Mill Park,271 Childs Rd,3,h,,PI,HAR,02-06-2018,3082,Northern Metropolitan,10529,17.9,Whittlesea City Council
Mill Park,2/35 Cuthbert Dr,3,t,590000,S,Ray,02-06-2018,3082,Northern Metropolitan,10529,17.9,Whittlesea City Council
Mill Park,15 Incana Dr,4,h,920000,VB,Raine,02-06-2018,3082,Northern Metropolitan,10529,17.9,Whittlesea City Council
Mill Park,12 Randell Ct,4,h,,PI,Barry,02-06-2018,3082,Northern Metropolitan,10529,17.9,Whittlesea City Council
Mitcham,1/21 Dudley St,3,h,885000,S,Ray,02-06-2018,3132,Eastern Metropolitan,6871,17.2,Whitehorse City Council
Mitcham,2/8 Halls Pde,3,u,850000,VB,Noel,02-06-2018,3132,Eastern Metropolitan,6871,17.2,Whitehorse City Council
Mitcham,7 Irene Cr,4,h,1088000,S,Ray,02-06-2018,3132,Eastern Metropolitan,6871,17.2,Whitehorse City Council
Mitcham,29 McGhee Av,3,h,845000,S,Noel,02-06-2018,3132,Eastern Metropolitan,6871,17.2,Whitehorse City Council
Mitcham,7/490 Mitcham Rd,3,t,750000,S,Ray,02-06-2018,3132,Eastern Metropolitan,6871,17.2,Whitehorse City Council
Mitcham,2/5 Valency Ct,5,t,1160000,S,Noel,02-06-2018,3132,Eastern Metropolitan,6871,17.2,Whitehorse City Council
Mitcham,42 Vernal Av,4,h,,VB,Fletchers,02-06-2018,3132,Eastern Metropolitan,6871,17.2,Whitehorse City Council
Mitcham,10 Walwa St,4,h,1110000,SP,Noel,02-06-2018,3132,Eastern Metropolitan,6871,17.2,Whitehorse City Council
Mont Albert,5/415 Elgar Rd,2,u,,SA,hockingstuart,02-06-2018,3127,Eastern Metropolitan,2079,10.2,Boroondara City Council
Montmorency,32 Cressy St,3,h,871000,S,Jellis,02-06-2018,3094,Eastern Metropolitan,3891,16.2,Banyule City Council
Montmorency,28 Graeme Av,3,h,670000,S,Buckingham,02-06-2018,3094,Eastern Metropolitan,3891,16.2,Banyule City Council
Montmorency,100 Reichelt Av,3,h,690000,PI,Darren,02-06-2018,3094,Eastern Metropolitan,3891,16.2,Banyule City Council
Moonee Ponds,47 Ormond Rd,3,h,1050000,VB,Nelson,02-06-2018,3039,Western Metropolitan,6232,6.2,Moonee Valley City Council
Moonee Ponds,55 Robinson St,3,h,1150000,S,Nelson,02-06-2018,3039,Western Metropolitan,6232,6.2,Moonee Valley City Council
Moorabbin,31 Matilda Rd,4,h,1075000,PI,Buxton,02-06-2018,3189,Southern Metropolitan,2555,14.3,Kingston City Council
Moorabbin,1/12 William St,4,t,1100000,VB,Buxton,02-06-2018,3189,Southern Metropolitan,2555,14.3,Kingston City Council
Mordialloc,135E McDonald St,3,t,760000,S,Buxton,02-06-2018,3195,South-Eastern Metropolitan,3650,21.5,Kingston City Council
Mordialloc,1/54 White St,3,t,815000,SP,Barry,02-06-2018,3195,South-Eastern Metropolitan,3650,21.5,Kingston City Council
Mount Waverley,3/24 Adrienne Cr,3,t,592000,S,McGrath,02-06-2018,3149,Eastern Metropolitan,13366,14.2,Monash City Council
Mount Waverley,2/10 Avondale Gr,4,t,,PI,Jellis,02-06-2018,3149,Eastern Metropolitan,13366,14.2,Monash City Council
Mount Waverley,17 Bennett Av,3,h,1340000,PI,Jellis,02-06-2018,3149,Eastern Metropolitan,13366,14.2,Monash City Council
Mount Waverley,2 Bradstreet Rd,3,h,1220000,S,Barry,02-06-2018,3149,Eastern Metropolitan,13366,14.2,Monash City Council
Mount Waverley,1/92 Huntingdale Rd,4,t,1045200,S,RT,02-06-2018,3149,Eastern Metropolitan,13366,14.2,Monash City Council
Mount Waverley,50 Marianne Wy,3,h,,SN,Harcourts,02-06-2018,3149,Eastern Metropolitan,13366,14.2,Monash City Council
Mount Waverley,30 Mayfield Dr,3,h,,S,Jellis,02-06-2018,3149,Eastern Metropolitan,13366,14.2,Monash City Council
Mount Waverley,1/28 Park La,2,u,745000,S,Ray,02-06-2018,3149,Eastern Metropolitan,13366,14.2,Monash City Council
Mount Waverley,32 Park Rd,4,h,,SP,Marshall,02-06-2018,3149,Eastern Metropolitan,13366,14.2,Monash City Council
Mount Waverley,3/254 Waverley Rd,2,u,592000,S,McGrath,02-06-2018,3149,Eastern Metropolitan,13366,14.2,Monash City Council
Mulgrave,101 Albany Dr,3,h,832500,SP,Harcourts,02-06-2018,3170,South-Eastern Metropolitan,7113,18.8,Monash City Council
Mulgrave,140 Jacksons Rd,4,h,810000,S,Buxton,02-06-2018,3170,South-Eastern Metropolitan,7113,18.8,Monash City Council
Murrumbeena,1/11 Murrumbeena Rd,1,u,270000,VB,Jellis,02-06-2018,3163,Southern Metropolitan,4442,10.1,Glen Eira City Council
Narre Warren,118 Fountain Dr,3,h,640000,S,Rexhepi,02-06-2018,3805,South-Eastern Metropolitan,9376,34.1,Casey City Council
Newport,229 Douglas Pde,2,h,1178500,S,Sweeney,02-06-2018,3015,Western Metropolitan,5498,6.2,Hobsons Bay City Council
Newport,54 Junction St,3,h,1175000,S,Sweeney,02-06-2018,3015,Western Metropolitan,5498,6.2,Hobsons Bay City Council
Newport,2/508 Melbourne Rd,2,u,342500,S,Jas,02-06-2018,3015,Western Metropolitan,5498,6.2,Hobsons Bay City Council
Niddrie,56 Haldane Rd,3,h,,VB,Nelson,02-06-2018,3042,Western Metropolitan,2291,10.4,Moonee Valley City Council
Niddrie,202/503 Keilor Rd,2,u,370000,VB,Nelson,02-06-2018,3042,Western Metropolitan,2291,10.4,Moonee Valley City Council
Noble Park,13 Stackpoole St,3,h,,PI,Barry,02-06-2018,3174,South-Eastern Metropolitan,11806,22.7,Greater Dandenong City Council
North Melbourne,16 Kipling St,2,h,1250000,S,Jellis,02-06-2018,3051,Northern Metropolitan,6821,1.8,Melbourne City Council
North Melbourne,29 Stawell St,2,h,850000,PI,W.B.,02-06-2018,3051,Northern Metropolitan,6821,1.8,Melbourne City Council
North Warrandyte,41 Valias St,3,h,1105000,S,Gardiner,02-06-2018,3113,Eastern Metropolitan,1058,21.1,Nillumbik Shire Council
Northcote,99 Beaconsfield Pde,2,h,1125000,S,Nelson,02-06-2018,3070,Northern Metropolitan,11364,5.3,Darebin City Council
Northcote,206/8 Breavington Wy,2,u,560000,VB,Buckingham,02-06-2018,3070,Northern Metropolitan,11364,5.3,Darebin City Council
Northcote,18 Candy St,3,h,1655000,S,Jellis,02-06-2018,3070,Northern Metropolitan,11364,5.3,Darebin City Council
Northcote,5/53 Gadd St,2,t,725000,S,Jellis,02-06-2018,3070,Northern Metropolitan,11364,5.3,Darebin City Council
Northcote,14 Harper St,3,h,,S,Nelson,02-06-2018,3070,Northern Metropolitan,11364,5.3,Darebin City Council
Northcote,6/414 High St,2,u,579000,S,Harcourts,02-06-2018,3070,Northern Metropolitan,11364,5.3,Darebin City Council
Northcote,5/10 Langwells Pde,3,t,1020000,PI,McGrath,02-06-2018,3070,Northern Metropolitan,11364,5.3,Darebin City Council
Northcote,158 Mitchell St,4,h,1506000,S,Nelson,02-06-2018,3070,Northern Metropolitan,11364,5.3,Darebin City Council
Northcote,29 Tanner Gr,3,h,995000,PI,Woodards,02-06-2018,3070,Northern Metropolitan,11364,5.3,Darebin City Council
Nunawading,27 Luckie St,4,h,1455000,S,Noel,02-06-2018,3131,Eastern Metropolitan,4973,15.4,Manningham City Council
Oak Park,10 Ethel St,5,h,1320000,S,Brad,02-06-2018,3046,Northern Metropolitan,2651,11.2,Moreland City Council
Oak Park,9/37 Rhodes Pde,2,u,550000,VB,Nelson,02-06-2018,3046,Northern Metropolitan,2651,11.2,Moreland City Council
Oak Park,14 Ridge Rd,3,h,,PI,Brad,02-06-2018,3046,Northern Metropolitan,2651,11.2,Moreland City Council
Oak Park,2/52 Watt Av,3,u,640000,VB,Brad,02-06-2018,3046,Northern Metropolitan,2651,11.2,Moreland City Council
Oak Park,1/45 Xavier St,3,t,807500,S,Eview,02-06-2018,3046,Northern Metropolitan,2651,11.2,Moreland City Council
Oakleigh,2/25 Grant St,3,u,1000000,S,Buxton,02-06-2018,3166,Southern Metropolitan,3224,12.3,Monash City Council
Ormond,26B Walsh St,4,t,1202500,SP,Jellis,02-06-2018,3204,Southern Metropolitan,3578,11.4,Glen Eira City Council
Ormond,29 Wimmera St,4,h,2112000,S,Gary,02-06-2018,3204,Southern Metropolitan,3578,11.4,Glen Eira City Council
Parkdale,2/162 Como Pde W,3,t,1075000,S,Hodges,02-06-2018,3195,South-Eastern Metropolitan,5087,21.5,Kingston City Council
Pascoe Vale,5 Archibald St,5,h,1400000,VB,Nelson,02-06-2018,3044,Northern Metropolitan,7485,8.5,Moreland City Council
Pascoe Vale,4/70 Bolingbroke St,4,t,,S,Brad,02-06-2018,3044,Northern Metropolitan,7485,8.5,Moreland City Council
Pascoe Vale,11 Irma Gr,3,h,985000,S,Brad,02-06-2018,3044,Northern Metropolitan,7485,8.5,Moreland City Council
Pascoe Vale,136 Landells Rd,3,h,820000,S,Ray,02-06-2018,3044,Northern Metropolitan,7485,8.5,Moreland City Council
Pascoe Vale,2/4 Plymouth Av,3,t,782500,S,Brad,02-06-2018,3044,Northern Metropolitan,7485,8.5,Moreland City Council
Plumpton,65 Orbis Av,3,h,600000,S,YPA,02-06-2018,3335,Western Metropolitan,1490,23.8,Melton City Council
Point Cook,17 Caledonian Wy,3,h,,PN,LJ,02-06-2018,3030,Western Metropolitan,15542,14.7,Wyndham City Council
Point Cook,7 Marshall Tce,4,h,,PI,Ray,02-06-2018,3030,Western Metropolitan,15542,14.7,Wyndham City Council
Point Cook,20 Ribbon Cl,4,h,638500,S,hockingstuart,02-06-2018,3030,Western Metropolitan,15542,14.7,Wyndham City Council
Point Cook,10 Rivulet Dr,4,h,750000,VB,hockingstuart,02-06-2018,3030,Western Metropolitan,15542,14.7,Wyndham City Council
Point Cook,44 Solitude Cr,4,h,,SN,Ray,02-06-2018,3030,Western Metropolitan,15542,14.7,Wyndham City Council
Point Cook,7 Suva St,4,h,,PI,Ray,02-06-2018,3030,Western Metropolitan,15542,14.7,Wyndham City Council
Point Cook,52 Vaucluse Bvd,4,h,1013000,SP,hockingstuart,02-06-2018,3030,Western Metropolitan,15542,14.7,Wyndham City Council
Port Melbourne,5 Bath Pl,2,h,1410000,S,Frank,02-06-2018,3207,Southern Metropolitan,8648,3.5,Melbourne City Council
Port Melbourne,502/65 Beach St,2,u,1325000,S,McGrath,02-06-2018,3207,Southern Metropolitan,8648,3.5,Melbourne City Council
Port Melbourne,177 Farrell St,2,h,1245000,SP,Buxton,02-06-2018,3207,Southern Metropolitan,8648,3.5,Melbourne City Council
Port Melbourne,10 Griffin Cr,3,h,,VB,Buxton,02-06-2018,3207,Southern Metropolitan,8648,3.5,Melbourne City Council
Port Melbourne,382 Ross St,3,h,1625000,S,Marshall,02-06-2018,3207,Southern Metropolitan,8648,3.5,Melbourne City Council
Port Melbourne,3/36 Rouse St,4,u,1400000,S,Biggin,02-06-2018,3207,Southern Metropolitan,8648,3.5,Melbourne City Council
Port Melbourne,13 The Cove,3,h,,SP,Jellis,02-06-2018,3207,Southern Metropolitan,8648,3.5,Melbourne City Council
Prahran,14 Airlie Av,4,h,,S,Marshall,02-06-2018,3181,Southern Metropolitan,7717,4.6,Stonnington City Council
Prahran,10/60 Chomley St,2,u,545000,S,Jellis,02-06-2018,3181,Southern Metropolitan,7717,4.6,Stonnington City Council
Prahran,12/43 Grandview Gr,1,u,446000,S,Biggin,02-06-2018,3181,Southern Metropolitan,7717,4.6,Stonnington City Council
Prahran,4 Leila St,4,h,2800000,PI,hockingstuart,02-06-2018,3181,Southern Metropolitan,7717,4.6,Stonnington City Council
Prahran,150 Peel St,3,h,1420000,S,Jellis,02-06-2018,3181,Southern Metropolitan,7717,4.6,Stonnington City Council
Prahran,3/21 Wynnstay Rd,3,t,1310000,S,Jellis,02-06-2018,3181,Southern Metropolitan,7717,4.6,Stonnington City Council
Preston,1/22 Furzer St,3,t,770000,PI,Barry,02-06-2018,3072,Northern Metropolitan,14577,8.4,Darebin City Council
Preston,33 James St,3,h,810000,S,Love,02-06-2018,3072,Northern Metropolitan,14577,8.4,Darebin City Council
Preston,84 Regent St,5,h,1475000,S,Nelson,02-06-2018,3072,Northern Metropolitan,14577,8.4,Darebin City Council
Preston,90 Spring St,3,t,781000,S,Nelson,02-06-2018,3072,Northern Metropolitan,14577,8.4,Darebin City Council
Preston,11 Townhall Av,3,h,1050000,SP,RW,02-06-2018,3072,Northern Metropolitan,14577,8.4,Darebin City Council
Reservoir,38 Ayr St,3,h,,SP,RW,02-06-2018,3073,Northern Metropolitan,21650,12,Darebin City Council
Reservoir,1/116 Boldrewood Pde,2,u,550000,S,hockingstuart,02-06-2018,3073,Northern Metropolitan,21650,12,Darebin City Council
Reservoir,25 Crawley St,3,h,1225000,PI,Barry,02-06-2018,3073,Northern Metropolitan,21650,12,Darebin City Council
Reservoir,2/54 Davidson St,3,t,670000,PI,Barry,02-06-2018,3073,Northern Metropolitan,21650,12,Darebin City Council
Reservoir,2 Kyneton Av,3,h,630000,PI,Ray,02-06-2018,3073,Northern Metropolitan,21650,12,Darebin City Council
Reservoir,49 Locher Av,3,h,700000,S,Stockdale,02-06-2018,3073,Northern Metropolitan,21650,12,Darebin City Council
Reservoir,7 Luke St,2,h,830000,S,Stockdale,02-06-2018,3073,Northern Metropolitan,21650,12,Darebin City Council
Reservoir,25 Nisbett St,3,h,700000,SP,RW,02-06-2018,3073,Northern Metropolitan,21650,12,Darebin City Council
Reservoir,2/8 Oconnor St,2,u,540000,PI,Barry,02-06-2018,3073,Northern Metropolitan,21650,12,Darebin City Council
Reservoir,3/10 Pershing St,2,t,650000,SP,Nelson,02-06-2018,3073,Northern Metropolitan,21650,12,Darebin City Council
Reservoir,2/72 Purinuan Rd,3,t,650000,S,Woodards,02-06-2018,3073,Northern Metropolitan,21650,12,Darebin City Council
Reservoir,27 Wilkinson St,2,h,829000,S,Jellis,02-06-2018,3073,Northern Metropolitan,21650,12,Darebin City Council
Richmond,203/1 Barnet Wy,3,u,1150000,VB,Scott,02-06-2018,3121,Northern Metropolitan,14949,2.4,Yarra City Council
Richmond,2/51 Bendigo St,2,t,900000,S,hockingstuart,02-06-2018,3121,Northern Metropolitan,14949,2.4,Yarra City Council
Richmond,503/9 Griffiths St,3,u,1720000,S,Marshall,02-06-2018,3121,Northern Metropolitan,14949,2.4,Yarra City Council
Richmond,13/5 Stillman St,3,t,1150000,PI,Biggin,02-06-2018,3121,Northern Metropolitan,14949,2.4,Yarra City Council
Richmond,3/28 Tanner St,2,u,895000,S,Jellis,02-06-2018,3121,Northern Metropolitan,14949,2.4,Yarra City Council
Ringwood,19 Kitson St,3,h,720000,S,Fletchers,02-06-2018,3134,Eastern Metropolitan,7785,19.9,Maroondah City Council
Ringwood East,9 Marwarra St,3,h,,S,Jellis,02-06-2018,3135,Eastern Metropolitan,4407,21.3,Maroondah City Council
Ringwood East,25 Morinda St,3,h,,PI,Philip,02-06-2018,3135,Eastern Metropolitan,4407,21.3,Maroondah City Council
Ringwood East,17 Talofa Av,3,h,1135000,SA,Philip,02-06-2018,3135,Eastern Metropolitan,4407,21.3,Maroondah City Council
Ringwood East,1/3 Wenwood St,3,h,735000,SP,Noel,02-06-2018,3135,Eastern Metropolitan,4407,21.3,Maroondah City Council
Ringwood North,27 Through Rd,4,h,900000,VB,Hoskins,02-06-2018,3134,Eastern Metropolitan,3619,19.9,Manningham City Council
Rowville,12 Fernlea Av,3,h,815000,S,Harcourts,02-06-2018,3178,South-Eastern Metropolitan,11667,23.5,Knox City Council
Roxburgh Park,13 Donvale Av,3,h,,W,FN,02-06-2018,3064,Northern Metropolitan,5833,20.6,Hume City Council
Roxburgh Park,3 Parnell Ct,4,h,620000,S,Raine,02-06-2018,3064,Northern Metropolitan,5833,20.6,Hume City Council
Roxburgh Park,11 Truscott Av,4,h,570000,VB,Love,02-06-2018,3064,Northern Metropolitan,5833,20.6,Hume City Council
Seaford,64 Claude St,3,h,621000,S,Munn,02-06-2018,3198,South-Eastern Metropolitan,8077,35.4,Frankston City Council
Seddon,96 Alexander St,2,t,765000,SA,Compton,02-06-2018,3011,Western Metropolitan,2417,5.1,Maribyrnong City Council
Seddon,14 Hyde St,2,h,1052000,S,Jas,02-06-2018,3011,Western Metropolitan,2417,5.1,Maribyrnong City Council
South Kingsville,60 Blackshaws Rd,3,h,1330000,S,Williams,02-06-2018,3015,Western Metropolitan,984,6.2,Hobsons Bay City Council
South Melbourne,20 Mountain St,3,h,1560000,S,Branon,02-06-2018,3205,Southern Metropolitan,5943,1.9,Port Phillip City Council
South Morang,5 Amber Ct,3,h,570000,S,RW,02-06-2018,3752,Northern Metropolitan,7969,20.5,Whittlesea City Council
South Morang,53 Capri Cl,4,h,,SN,Iconek,02-06-2018,3752,Northern Metropolitan,7969,20.5,Whittlesea City Council
South Morang,7 Foxtail Tce,5,h,695000,S,HAR,02-06-2018,3752,Northern Metropolitan,7969,20.5,Whittlesea City Council
South Morang,2 Galette Pl,4,h,740000,S,HAR,02-06-2018,3752,Northern Metropolitan,7969,20.5,Whittlesea City Council
South Morang,79 Hawkstowe Pde,4,h,,SN,The,02-06-2018,3752,Northern Metropolitan,7969,20.5,Whittlesea City Council
South Morang,19 Kylemore Dr,3,h,630000,SP,HAR,02-06-2018,3752,Northern Metropolitan,7969,20.5,Whittlesea City Council
South Morang,7 Raphael Ri,4,h,986000,S,Iconek,02-06-2018,3752,Northern Metropolitan,7969,20.5,Whittlesea City Council
South Yarra,8/10 Affleck St,1,u,,SN,Cocoon,02-06-2018,3141,Southern Metropolitan,14887,2.7,Melbourne City Council
South Yarra,25A Albion St,3,h,,SP,Jellis,02-06-2018,3141,Southern Metropolitan,14887,2.7,Melbourne City Council
South Yarra,6/52 Arthur St,2,u,510000,SP,Biggin,02-06-2018,3141,Southern Metropolitan,14887,2.7,Melbourne City Council
South Yarra,4/101 Caroline St,2,u,1320000,S,hockingstuart,02-06-2018,3141,Southern Metropolitan,14887,2.7,Melbourne City Council
South Yarra,405/657 Chapel St,2,u,800000,VB,Biggin,02-06-2018,3141,Southern Metropolitan,14887,2.7,Melbourne City Council
South Yarra,9/44 Darling St,2,u,,SP,hockingstuart,02-06-2018,3141,Southern Metropolitan,14887,2.7,Melbourne City Council
South Yarra,7/51 Murphy St,2,u,680000,S,hockingstuart,02-06-2018,3141,Southern Metropolitan,14887,2.7,Melbourne City Council
South Yarra,2/191 Williams Rd,2,u,605000,S,Jellis,02-06-2018,3141,Southern Metropolitan,14887,2.7,Melbourne City Council
South Yarra,3/241 Williams Rd,2,u,650000,VB,Jellis,02-06-2018,3141,Southern Metropolitan,14887,2.7,Melbourne City Council
South Yarra,1201/18 Yarra St,3,u,1150000,PI,Kay,02-06-2018,3141,Southern Metropolitan,14887,2.7,Melbourne City Council
Southbank,173/38 Kavanagh St,2,u,512000,S,MICM,02-06-2018,3006,Southern Metropolitan,8400,0.7,Melbourne City Council
Springvale,12 Grace St,3,h,718000,S,Savoy,02-06-2018,3171,South-Eastern Metropolitan,7412,20.8,Greater Dandenong City Council
St Albans,42 Andrea St,2,u,,W,YPA,02-06-2018,3021,Western Metropolitan,14042,14,Brimbank City Council
St Albans,115 Denton Av,3,h,630000,SP,YPA,02-06-2018,3021,Western Metropolitan,14042,14,Brimbank City Council
St Albans,6 Jeffrey Cl,3,h,638000,S,Bells,02-06-2018,3021,Western Metropolitan,14042,14,Brimbank City Council
St Albans,12 Kodre St,4,h,,W,Barry,02-06-2018,3021,Western Metropolitan,14042,14,Brimbank City Council
St Albans,9 Moffat St,3,h,620000,PI,United,02-06-2018,3021,Western Metropolitan,14042,14,Brimbank City Council
St Kilda,4/56 Acland St,2,u,760000,VB,Buxton,02-06-2018,3182,Southern Metropolitan,13240,5,Port Phillip City Council
St Kilda,32/3 Alfred Sq,1,u,560000,S,hockingstuart,02-06-2018,3182,Southern Metropolitan,13240,5,Port Phillip City Council
St Kilda,32 Clyde St,2,h,,S,Marshall,02-06-2018,3182,Southern Metropolitan,13240,5,Port Phillip City Council
Strathmore,72 Bournian Av,4,h,,PI,Brad,02-06-2018,3041,Western Metropolitan,3284,8.2,Moonee Valley City Council
Strathmore,3 Vision St,4,h,1145000,S,Nelson,02-06-2018,3041,Western Metropolitan,3284,8.2,Moonee Valley City Council
Sunbury,2 Augusta Cl,3,h,450000,S,Leeburn,02-06-2018,3429,Western Metropolitan,14092,31.7,Hume City Council
Sunbury,19 Fingleton Cr,4,h,510000,SP,YPA,02-06-2018,3429,Western Metropolitan,14092,31.7,Hume City Council
Sunbury,9 Hill Gr,3,h,495000,S,Leeburn,02-06-2018,3429,Western Metropolitan,14092,31.7,Hume City Council
Sunshine,7 Yewers St,2,h,,PI,HAR,02-06-2018,3020,Western Metropolitan,3755,10.5,Brimbank City Council
Sunshine North,8 Roussac Ct,3,h,665000,S,Douglas,02-06-2018,3020,Western Metropolitan,4217,10.5,Brimbank City Council
Sunshine West,3 Fairbairn Rd,5,h,652000,S,RW,02-06-2018,3020,Western Metropolitan,6763,10.5,Brimbank City Council
Sunshine West,31 Fontana Cl,4,h,955000,SP,Douglas,02-06-2018,3020,Western Metropolitan,6763,10.5,Brimbank City Council
Sunshine West,8A Gayle Cl,4,t,,PI,Barry,02-06-2018,3020,Western Metropolitan,6763,10.5,Brimbank City Council
Sunshine West,19 Kosky St,3,h,680000,VB,Bells,02-06-2018,3020,Western Metropolitan,6763,10.5,Brimbank City Council
Sunshine West,2 Nash Ct,3,h,,PI,GL,02-06-2018,3020,Western Metropolitan,6763,10.5,Brimbank City Council
Sunshine West,145 Ridgeway Pde,3,h,671000,S,Barry,02-06-2018,3020,Western Metropolitan,6763,10.5,Brimbank City Council
Surrey Hills,4/12 Essex Rd,2,u,671000,S,Ray,02-06-2018,3127,Southern Metropolitan,5457,10.2,Boroondara City Council
Surrey Hills,5 Willcyrus St,4,h,,SN,Fletchers,02-06-2018,3127,Southern Metropolitan,5457,10.2,Boroondara City Council
Sydenham,64 Stagecoach Cr,3,h,660000,S,Bells,02-06-2018,3037,Western Metropolitan,3640,18,Brimbank City Council
Taylors Hill,5 Pacific Bvd,4,h,,VB,YPA,02-06-2018,3037,Western Metropolitan,4242,18,Melton City Council
Taylors Hill,18 Redcliffe Tce,4,h,,PI,HAR,02-06-2018,3037,Western Metropolitan,4242,18,Melton City Council
Templestowe,12 Colonsay St,3,h,1170000,S,Barry,02-06-2018,3106,Eastern Metropolitan,6202,15.5,Manningham City Council
Templestowe,2 Hermann Ct,5,h,2550000,VB,Jellis,02-06-2018,3106,Eastern Metropolitan,6202,15.5,Manningham City Council
Templestowe,1 Kolor Wy,4,h,1300000,PI,Fletchers,02-06-2018,3106,Eastern Metropolitan,6202,15.5,Manningham City Council
Templestowe,51 Taparoo Rd,4,h,1600000,VB,Jellis,02-06-2018,3106,Eastern Metropolitan,6202,15.5,Manningham City Council
Templestowe Lower,4 Totara Ct,4,h,1250000,VB,Fletchers,02-06-2018,3107,Eastern Metropolitan,5420,12.4,Manningham City Council
Thomastown,2/2 Elm St,2,t,528000,S,HAR,02-06-2018,3074,Northern Metropolitan,7955,15.3,Whittlesea City Council
Thomastown,11 Stewart St,3,h,1110000,S,HAR,02-06-2018,3074,Northern Metropolitan,7955,15.3,Whittlesea City Council
Thornbury,130 Ballantyne St,3,h,1440000,S,McGrath,02-06-2018,3071,Northern Metropolitan,8870,7,Darebin City Council
Thornbury,3/153 Ballantyne St,3,t,885000,S,McGrath,02-06-2018,3071,Northern Metropolitan,8870,7,Darebin City Council
Thornbury,2/58 Clarendon St,2,u,730000,SP,McGrath,02-06-2018,3071,Northern Metropolitan,8870,7,Darebin City Council
Thornbury,237 Darebin Rd,3,h,,SN,McGrath,02-06-2018,3071,Northern Metropolitan,8870,7,Darebin City Council
Thornbury,10 Hobson St,3,h,,SN,Biggin,02-06-2018,3071,Northern Metropolitan,8870,7,Darebin City Council
Thornbury,7 Martin St,3,h,1490000,S,Love,02-06-2018,3071,Northern Metropolitan,8870,7,Darebin City Council
Thornbury,33 Rossmoyne St,3,h,1180000,S,Jellis,02-06-2018,3071,Northern Metropolitan,8870,7,Darebin City Council
Thornbury,3/30 Strettle St,1,u,393000,S,Nelson,02-06-2018,3071,Northern Metropolitan,8870,7,Darebin City Council
Thornbury,2/40 Swift St,1,u,354500,S,Love,02-06-2018,3071,Northern Metropolitan,8870,7,Darebin City Council
Toorak,6/33 Albany Rd,2,t,,S,RT,02-06-2018,3142,Southern Metropolitan,7217,4.1,Stonnington City Council
Toorak,42/46 Lansell Rd,2,u,,S,Kay,02-06-2018,3142,Southern Metropolitan,7217,4.1,Stonnington City Council
Toorak,5 Theodore Ct,5,h,4000000,S,Abercromby's,02-06-2018,3142,Southern Metropolitan,7217,4.1,Stonnington City Council
Toorak,12/417 Toorak Rd,2,u,,SP,Abercromby's,02-06-2018,3142,Southern Metropolitan,7217,4.1,Stonnington City Council
Toorak,3/256 Williams Rd,2,u,592000,S,hockingstuart,02-06-2018,3142,Southern Metropolitan,7217,4.1,Stonnington City Council
Truganina,8 Bushfield Rd,4,h,645000,S,Greg,02-06-2018,3029,Western Metropolitan,5811,18.4,Melton City Council
Truganina,50 Tennyson Dr,3,h,540000,PI,Barry,02-06-2018,3029,Western Metropolitan,5811,18.4,Melton City Council
Tullamarine,2/19 Broadmeadows Rd,3,u,500000,SP,Jason,02-06-2018,3043,Western Metropolitan,3296,12.9,Brimbank City Council
Tullamarine,21 Paramount Ct,4,h,600000,VB,Zed,02-06-2018,3043,Western Metropolitan,3296,12.9,Brimbank City Council
Vermont South,33 Pioneer Cl,4,h,920000,PI,Hodges,02-06-2018,3133,Eastern Metropolitan,4280,17.2,Whitehorse City Council
Vermont South,111 Weeden Dr,4,h,1400000,S,Woodards,02-06-2018,3133,Eastern Metropolitan,4280,17.2,Whitehorse City Council
Wallan,59 William St,3,h,424000,S,Ruralco,02-06-2018,3756,Northern Victoria,3988,44.2,Mitchell Shire Council
Wantirna,11 Gresford Rd,5,h,1154000,S,Philip,02-06-2018,3152,Eastern Metropolitan,5424,14.7,Knox City Council
Wantirna South,1/39 Jessica Cl,3,h,722500,S,Ray,02-06-2018,3152,Eastern Metropolitan,7082,14.7,Knox City Council
Warranwood,6 Warrangum Pl,4,h,970000,SP,voglwalpole,02-06-2018,3134,Eastern Metropolitan,1595,19.9,Maroondah City Council
Watsonia,33 Black St,3,h,835000,S,Nelson,02-06-2018,3087,Northern Metropolitan,2329,14.5,Banyule City Council
Werribee,1/67 Conquest Dr,3,h,456000,SP,Greg,02-06-2018,3030,Western Metropolitan,16166,14.7,Wyndham City Council
Werribee,73 Edwards Rd,4,h,,SP,Barry,02-06-2018,3030,Western Metropolitan,16166,14.7,Wyndham City Council
Werribee,5 Garden Ct,3,h,,PI,YPA,02-06-2018,3030,Western Metropolitan,16166,14.7,Wyndham City Council
Werribee,7 Gerald St,4,h,635000,S,Benlor,02-06-2018,3030,Western Metropolitan,16166,14.7,Wyndham City Council
Werribee,1 Queensbury Wy,3,h,550000,SP,United,02-06-2018,3030,Western Metropolitan,16166,14.7,Wyndham City Council
Werribee,35 Richmond Cr,3,h,490000,S,YPA,02-06-2018,3030,Western Metropolitan,16166,14.7,Wyndham City Council
West Footscray,20/132 Rupert St,1,u,,PI,Burnham,02-06-2018,3012,Western Metropolitan,5058,6.4,Maribyrnong City Council
West Footscray,87 Stanhope St,3,h,830000,PI,Jas,02-06-2018,3012,Western Metropolitan,5058,6.4,Maribyrnong City Council
West Melbourne,267 Adderley St,4,t,1606000,S,Rendina,02-06-2018,3003,Northern Metropolitan,2230,3.1,Melbourne City Council
West Melbourne,5/231 Roden St,2,t,850000,VB,Jellis,02-06-2018,3003,Northern Metropolitan,2230,3.1,Melbourne City Council
Westmeadows,80 Erinbank Cr,3,h,556000,S,YPA,02-06-2018,3049,Northern Metropolitan,2474,16.5,Hume City Council
Westmeadows,2/28 Fawkner St,2,u,425000,S,O'Brien,02-06-2018,3049,Northern Metropolitan,2474,16.5,Hume City Council
Wheelers Hill,16 Bellara Wy,5,h,,PI,Biggin,02-06-2018,3150,South-Eastern Metropolitan,7392,16.7,Monash City Council
Wheelers Hill,7 Europa Ct,3,h,,PI,Harcourts,02-06-2018,3150,South-Eastern Metropolitan,7392,16.7,Monash City Council
Wheelers Hill,72 Raphael Dr,4,h,,PI,Biggin,02-06-2018,3150,South-Eastern Metropolitan,7392,16.7,Monash City Council
Wheelers Hill,35 Threadbow Cr,4,h,,SN,Biggin,02-06-2018,3150,South-Eastern Metropolitan,7392,16.7,Monash City Council
Williamstown,18 Bates Dr,3,h,,VB,Greg,02-06-2018,3016,Western Metropolitan,6380,6.8,Hobsons Bay City Council
Williamstown,95 Cole St,3,h,1600000,S,Sweeney,02-06-2018,3016,Western Metropolitan,6380,6.8,Hobsons Bay City Council
Williamstown,116 Stevedore St,4,h,1460000,SP,Williams,02-06-2018,3016,Western Metropolitan,6380,6.8,Hobsons Bay City Council
Williamstown,50 Twyford St,5,h,,S,Greg,02-06-2018,3016,Western Metropolitan,6380,6.8,Hobsons Bay City Council
Windsor,35 Hornby St,2,h,1550000,PI,Biggin,02-06-2018,3181,Southern Metropolitan,4380,4.6,Port Phillip City Council
Windsor,5/157 Peel St,2,u,680000,S,hockingstuart,02-06-2018,3181,Southern Metropolitan,4380,4.6,Port Phillip City Council
Wollert,5 Florentino St,2,h,,PI,Barry,02-06-2018,3750,Northern Metropolitan,2940,25.5,Whittlesea City Council
Wollert,8 Melody Wy,4,h,685000,PI,Ray,02-06-2018,3750,Northern Metropolitan,2940,25.5,Whittlesea City Council
Wollert,3 Yumbarra Pde,4,h,610000,SP,hockingstuart,02-06-2018,3750,Northern Metropolitan,2940,25.5,Whittlesea City Council
Wyndham Vale,7 Penole Wy,4,h,465000,S,Greg,02-06-2018,3024,Western Metropolitan,5262,27.2,Wyndham City Council
Wyndham Vale,17 Wilton Cl,3,h,515000,S,Barry,02-06-2018,3024,Western Metropolitan,5262,27.2,Wyndham City Council
Yarraville,69 Castlemaine St,2,h,900000,SP,Williams,02-06-2018,3013,Western Metropolitan,6543,6.3,Maribyrnong City Council
Yarraville,39 Frederick St,2,h,950000,S,hockingstuart,02-06-2018,3013,Western Metropolitan,6543,6.3,Maribyrnong City Council
Yarraville,44 Frederick St,3,h,1150000,S,Jas,02-06-2018,3013,Western Metropolitan,6543,6.3,Maribyrnong City Council
Yarraville,5/146 Hyde St,2,u,467500,S,Jas,02-06-2018,3013,Western Metropolitan,6543,6.3,Maribyrnong City Council
Yarraville,6 Powell St,3,h,1145000,PI,Jas,02-06-2018,3013,Western Metropolitan,6543,6.3,Maribyrnong City Council
Alphington,2/23 Coate Av,2,h,765000,S,Nelson,03-02-2018,3078,Northern Metropolitan,2211,5.7,Darebin City Council
Ardeer,84 McLaughlin St,3,h,630000,SP,Barry,03-02-2018,3022,Western Metropolitan,1281,12.8,Brimbank City Council
Ashwood,231 Huntingdale Rd,2,h,,S,Buxton,03-02-2018,3147,Southern Metropolitan,2894,10.2,Monash City Council
Aspendale Gardens,8 Carpentaria Ct,4,h,1000000,PI,Ray,03-02-2018,3195,South-Eastern Metropolitan,2243,21.5,Kingston City Council
Attwood,22 The Crest,4,h,578000,S,Stockdale,03-02-2018,3049,Northern Metropolitan,1130,16.5,Hume City Council
Avondale Heights,18 Westminster Dr,3,h,730000,S,Moonee,03-02-2018,3034,Western Metropolitan,4502,9.5,Moonee Valley City Council
Bentleigh East,38 Hill St,2,h,,S,Buxton,03-02-2018,3165,Southern Metropolitan,10969,13.8,Glen Eira City Council
Berwick,12 Palmerston St,4,h,,PI,Barry,03-02-2018,3806,Eastern Victoria,17093,35.2,Casey City Council
Blackburn South,19 Sylvia St,5,h,1225000,VB,Fletchers,03-02-2018,3130,Eastern Metropolitan,4387,13.4,Whitehorse City Council
Boronia,7 Damar Av,4,h,780000,S,Noel,03-02-2018,3155,Eastern Metropolitan,9704,25,Knox City Council
Bundoora,145 Cameron Pde,4,h,830000,S,Barry,03-02-2018,3083,Northern Metropolitan,10175,12.1,Banyule City Council
Bundoora,5/5 Greenhills Rd,2,u,536000,S,Ray,03-02-2018,3083,Northern Metropolitan,10175,12.1,Banyule City Council
Burwood,2/34 McComas Gr,3,h,,PN,LLC,03-02-2018,3125,Southern Metropolitan,5678,10.4,Monash City Council
Burwood East,1/24 Barry Rd,3,u,825000,S,McGrath,03-02-2018,3151,Eastern Metropolitan,4048,14.7,Whitehorse City Council
Caroline Springs,1 Aberfeldie Wy,5,h,680000,VB,Barry,03-02-2018,3023,Western Metropolitan,7719,14.8,Melton City Council
Caroline Springs,9 The Entrance,3,h,450000,S,Prof.,03-02-2018,3023,Western Metropolitan,7719,14.8,Melton City Council
Cheltenham,1/14 Jack Rd,3,t,925000,S,O'Brien,03-02-2018,3192,Southern Metropolitan,9758,17.9,Bayside City Council
Cheltenham,10 Jells Rd,4,h,1410000,SP,Buxton,03-02-2018,3192,Southern Metropolitan,9758,17.9,Bayside City Council
Cheltenham,14 Leon St,4,h,1280000,S,O'Brien,03-02-2018,3192,Southern Metropolitan,9758,17.9,Bayside City Council
Clayton South,18 Glenmorgan Cl,3,h,770000,S,Harcourts,03-02-2018,3169,South-Eastern Metropolitan,4734,17.5,Kingston City Council
Craigieburn,5 Blairgowrie Dr,4,h,695000,S,Barry,03-02-2018,3064,Northern Metropolitan,15510,20.6,Hume City Council
Craigieburn,13 Cockatiel Cct,3,h,560000,SP,LJ,03-02-2018,3064,Northern Metropolitan,15510,20.6,Hume City Council
Craigieburn,1/76 Gillingham Cr,3,h,360000,S,Stockdale,03-02-2018,3064,Northern Metropolitan,15510,20.6,Hume City Council
Craigieburn,25 Spurr St,4,h,511500,S,Raine,03-02-2018,3064,Northern Metropolitan,15510,20.6,Hume City Council
Craigieburn,6 Vali Rd,4,h,710500,S,Ray,03-02-2018,3064,Northern Metropolitan,15510,20.6,Hume City Council
Croydon,79 Diane Cr,4,h,,PI,Philip,03-02-2018,3136,Eastern Metropolitan,11925,23,Maroondah City Council
Croydon,31 Kallay St,3,h,,S,Fletchers,03-02-2018,3136,Eastern Metropolitan,11925,23,Maroondah City Council
Croydon,45 Norris Cct,4,h,1060000,SP,McGrath,03-02-2018,3136,Eastern Metropolitan,11925,23,Maroondah City Council
Croydon,8 Vicki St,3,h,845000,S,McGrath,03-02-2018,3136,Eastern Metropolitan,11925,23,Maroondah City Council
Dandenong,4 Eton Ct,3,h,,PI,Hall,03-02-2018,3175,South-Eastern Metropolitan,10894,24.7,Greater Dandenong City Council
Deer Park,32 Longfield Wy,3,h,,PI,RW,03-02-2018,3023,Western Metropolitan,6388,14.8,Brimbank City Council
Deer Park,24 Tasman Av,3,h,490000,PI,FN,03-02-2018,3023,Western Metropolitan,6388,14.8,Brimbank City Council
Doreen,9 Glass Cr,4,h,,SP,HAR,03-02-2018,3754,Northern Victoria,7254,25.9,Nillumbik Shire Council
Doreen,159 Orchard Rd,3,h,477000,SP,HAR,03-02-2018,3754,Northern Victoria,7254,25.9,Nillumbik Shire Council
Doveton,27 Power Rd,2,h,,PN,REMAX,03-02-2018,3177,South-Eastern Metropolitan,3533,28.8,Casey City Council
Eltham,90 Livingstone Rd,3,h,875000,SP,Buckingham,03-02-2018,3095,Eastern Metropolitan,6990,18,Banyule City Council
Emerald,80 Kilvington Dr,1,h,462000,S,Eview,03-02-2018,3782,Eastern Victoria,2259,36.9,Cardinia Shire Council
Epping,61 Shields St,3,h,,PI,Stockdale,03-02-2018,3076,Northern Metropolitan,10926,19.6,Whittlesea City Council
Fawkner,47 Major Rd,3,h,876000,S,Brad,03-02-2018,3060,Northern Metropolitan,5070,13.1,Hume City Council
Ferntree Gully,11 Beckenham Dr,4,h,845000,S,Schroeder,03-02-2018,3156,Eastern Metropolitan,10788,24.8,Knox City Council
Ferntree Gully,5/7 Hillcrest Av,2,u,597000,S,Noel,03-02-2018,3156,Eastern Metropolitan,10788,24.8,Knox City Council
Ferny Creek,36 Seabreeze Av,3,h,690000,S,FN,03-02-2018,3786,Eastern Victoria,604,29.5,Yarra Ranges Shire Council
Footscray,36 Raleigh St,2,h,800000,PI,hockingstuart/Sweeney,03-02-2018,3011,Western Metropolitan,7570,5.1,Maribyrnong City Council
Forest Hill,79 Husband Rd,3,h,880000,S,Ray,03-02-2018,3131,Eastern Metropolitan,4385,15.4,Whitehorse City Council
Forest Hill,26 Thornhill Dr,4,h,1120000,SP,Harcourts,03-02-2018,3131,Eastern Metropolitan,4385,15.4,Whitehorse City Council
Frankston,15 Inglis Av,3,h,697250,S,Ash,03-02-2018,3199,South-Eastern Metropolitan,17055,38,Frankston City Council
Frankston,160 Karingal Dr,3,h,561000,S,O'Brien,03-02-2018,3199,South-Eastern Metropolitan,17055,38,Frankston City Council
Frankston,37 Summit Rd,4,h,810000,PI,Aquire,03-02-2018,3199,South-Eastern Metropolitan,17055,38,Frankston City Council
Frankston,8 Yarla Ct,5,h,580000,S,O'Brien,03-02-2018,3199,South-Eastern Metropolitan,17055,38,Frankston City Council
Glen Waverley,29 Norfolk St,3,h,1130000,PI,Harcourts,03-02-2018,3150,Eastern Metropolitan,15321,16.7,Monash City Council
Glenroy,49 Plumpton Av,2,h,685000,S,Eview,03-02-2018,3046,Northern Metropolitan,8870,11.2,Moreland City Council
Glenroy,119A View St,3,h,645000,S,RW,03-02-2018,3046,Northern Metropolitan,8870,11.2,Moreland City Council
Greenvale,3 Monteiro Ct,4,h,,PI,LJ,03-02-2018,3059,Northern Metropolitan,4864,20.4,Hume City Council
Hawthorn East,2/8 Auburn Gr,2,h,575000,S,Harcourts,03-02-2018,3123,Southern Metropolitan,6482,6.2,Boroondara City Council
Heathmont,189 Canterbury Rd,4,h,1175000,VB,Purplebricks,03-02-2018,3135,Eastern Metropolitan,3794,21.3,Maroondah City Council
Heidelberg Heights,56 Outhwaite Rd,3,h,865000,S,Ray,03-02-2018,3081,Eastern Metropolitan,2947,8.8,Banyule City Council
Highett,22 Lansell Av,3,h,,PI,Ray,03-02-2018,3190,Southern Metropolitan,4794,16,Bayside City Council
Highett,23 Middleton St,3,h,1410000,S,Buxton,03-02-2018,3190,Southern Metropolitan,4794,16,Bayside City Council
Hoppers Crossing,25 Burnham Dr,5,h,,SN,Benlor,03-02-2018,3029,Western Metropolitan,13830,18.4,Wyndham City Council
Hoppers Crossing,21 Madison Dr,4,h,,PI,Gold,03-02-2018,3029,Western Metropolitan,13830,18.4,Wyndham City Council
Hoppers Crossing,201 Morris Rd,4,h,680000,S,Benlor,03-02-2018,3029,Western Metropolitan,13830,18.4,Wyndham City Council
Hoppers Crossing,15 Sheahan Cr,3,h,,SP,Benlor,03-02-2018,3029,Western Metropolitan,13830,18.4,Wyndham City Council
Kensington,24 Parsons St,3,h,,SP,Rendina,03-02-2018,3031,Northern Metropolitan,5263,3.4,Melbourne City Council
Kingsbury,174 Dunne St,4,h,720000,S,Ray,03-02-2018,3083,Northern Metropolitan,1414,12.1,Darebin City Council
Knoxfield,77 Applewood Dr,3,h,,SP,Hill,03-02-2018,3180,Eastern Metropolitan,2949,23.3,Knox City Council
Lilydale,7A Rose Ct,3,h,650000,SP,Max,03-02-2018,3140,Eastern Victoria,6732,29.9,Yarra Ranges Shire Council
Meadow Heights,120 Shankland Bvd,7,h,786500,S,Raine,03-02-2018,3048,Northern Metropolitan,4704,17.4,Hume City Council
Melbourne,1915/250 Elizabeth St,1,u,445000,SP,Harcourts,03-02-2018,3000,Northern Metropolitan,17496,0,Melbourne City Council
Melton,61 Marina Dr,4,h,413000,S,hockingstuart,03-02-2018,3337,Western Victoria,3600,31.7,Melton City Council
Melton South,14 Bridgeford Cr,4,h,410000,S,hockingstuart,03-02-2018,3338,Western Victoria,4718,29.8,Melton City Council
Melton South,4 Kurrajong Cr,3,h,417500,S,hockingstuart,03-02-2018,3338,Western Victoria,4718,29.8,Melton City Council
Melton South,18 Oakfield Ct,3,h,,PI,PRDNationwide,03-02-2018,3338,Western Victoria,4718,29.8,Melton City Council
Melton West,84 Westmelton Dr,3,h,,PI,Ryder,03-02-2018,3337,Northern Victoria,6065,31.7,Melton City Council
Mentone,10 Birch St,3,h,1120000,S,Thomson,03-02-2018,3194,South-Eastern Metropolitan,6162,20,Kingston City Council
Mentone,1 Walden Rd,3,h,1462000,S,O'Brien,03-02-2018,3194,South-Eastern Metropolitan,6162,20,Kingston City Council
Mernda,10 Castello St,5,h,676000,S,Stockdale,03-02-2018,3754,Northern Metropolitan,5812,25.9,Whittlesea City Council
Mill Park,2 Honeysuckle Ct,3,h,592000,S,Ray,03-02-2018,3082,Northern Metropolitan,10529,17.9,Whittlesea City Council
Mill Park,15 Incana Dr,4,h,,PI,HAR,03-02-2018,3082,Northern Metropolitan,10529,17.9,Whittlesea City Council
Mill Park,86 Moorhead Dr,3,h,635000,S,HAR,03-02-2018,3082,Northern Metropolitan,10529,17.9,Whittlesea City Council
Moorabbin,6A Barilla Rd,3,h,,PI,Buxton,03-02-2018,3189,Southern Metropolitan,2555,14.3,Kingston City Council
Moorabbin,3/1 William St,2,u,672000,S,O'Brien,03-02-2018,3189,Southern Metropolitan,2555,14.3,Kingston City Council
Mulgrave,19A Blanton Dr,4,h,,SP,Biggin,03-02-2018,3170,South-Eastern Metropolitan,7113,18.8,Monash City Council
Narre Warren,15 Edmonds St,4,h,,PI,Barry,03-02-2018,3805,South-Eastern Metropolitan,9376,34.1,Casey City Council
Newport,3/3 Jubilee St,1,h,340000,SP,hockingstuart,03-02-2018,3015,Western Metropolitan,5498,6.2,Hobsons Bay City Council
North Melbourne,59 Baillie St,2,t,880000,S,Rendina,03-02-2018,3051,Northern Metropolitan,6821,1.8,Melbourne City Council
Oakleigh,22 Heath Av,4,h,1455000,S,Buxton,03-02-2018,3166,Southern Metropolitan,3224,12.3,Monash City Council
Parkdale,54 Balmoral Dr,4,h,1451000,S,O'Brien,03-02-2018,3195,South-Eastern Metropolitan,5087,21.5,Kingston City Council
Point Cook,1/8 Ancona Ct,2,t,411000,S,LJ,03-02-2018,3030,Western Metropolitan,15542,14.7,Wyndham City Council
Point Cook,21 Atkinson Cl,4,h,,PN,FN,03-02-2018,3030,Western Metropolitan,15542,14.7,Wyndham City Council
Point Cook,19 Beveridge Ct,3,h,587500,S,LJ,03-02-2018,3030,Western Metropolitan,15542,14.7,Wyndham City Council
Point Cook,48 Ladybird Cr,3,h,750000,S,Point,03-02-2018,3030,Western Metropolitan,15542,14.7,Wyndham City Council
Point Cook,63 Lancaster Dr,3,h,675000,S,Reliance,03-02-2018,3030,Western Metropolitan,15542,14.7,Wyndham City Council
Point Cook,11 Livorno La,4,h,692000,S,Reliance,03-02-2018,3030,Western Metropolitan,15542,14.7,Wyndham City Council
Preston,81 Wilcox St,4,h,,PI,Ray,03-02-2018,3072,Northern Metropolitan,14577,8.4,Darebin City Council
Reservoir,10/59 St Vigeons Rd,2,u,525500,SP,Ray,03-02-2018,3073,Northern Metropolitan,21650,12,Darebin City Council
Ringwood East,1/64 Mt Dandenong Rd,3,u,656000,S,Ray,03-02-2018,3135,Eastern Metropolitan,4407,21.3,Maroondah City Council
Rowville,30 Westminster Dr,4,h,930000,S,Noel,03-02-2018,3178,South-Eastern Metropolitan,11667,23.5,Knox City Council
Roxburgh Park,9 Corona Pl,3,h,525000,S,Raine,03-02-2018,3064,Northern Metropolitan,5833,20.6,Hume City Council
Sandringham,2/190 Bay Rd,3,u,870000,VB,Buxton,03-02-2018,3191,Southern Metropolitan,4497,15.2,Bayside City Council
Seaford,10 Holroyd St,3,h,606000,S,O'Brien,03-02-2018,3198,South-Eastern Metropolitan,8077,35.4,Frankston City Council
Seddon,182 Pilgrim St,2,h,807500,SP,Sweeney,03-02-2018,3011,Western Metropolitan,2417,5.1,Maribyrnong City Council
South Morang,20 Serendip Av,4,h,670000,S,Ray,03-02-2018,3752,Northern Metropolitan,7969,20.5,Whittlesea City Council
Southbank,191/173 City Rd,3,u,801000,S,MICM,03-02-2018,3006,Southern Metropolitan,8400,0.7,Melbourne City Council
Southbank,58/88 Southbank Bvd,2,u,530000,S,MICM,03-02-2018,3006,Southern Metropolitan,8400,0.7,Melbourne City Council
Springvale South,29 Harold Rd,4,h,,PI,iSell,03-02-2018,3172,South-Eastern Metropolitan,4054,22.2,Greater Dandenong City Council
St Albans,11 Cox St,3,h,675000,S,hockingstuart,03-02-2018,3021,Western Metropolitan,14042,14,Brimbank City Council
St Albans,2/107 Fox St,2,u,400000,PI,People,03-02-2018,3021,Western Metropolitan,14042,14,Brimbank City Council
Tarneit,5 Harmony Dr,2,h,,PN,Greg,03-02-2018,3029,Western Metropolitan,10160,18.4,Wyndham City Council
Thornbury,260b Gooch St,2,t,830000,S,Nelson,03-02-2018,3071,Northern Metropolitan,8870,7,Darebin City Council
Vermont South,7 Rutherglen Rd,5,h,,PI,Noel,03-02-2018,3133,Eastern Metropolitan,4280,17.2,Whitehorse City Council
Werribee,2/7 Anglia Ct,3,u,437500,S,hockingstuart,03-02-2018,3030,Western Metropolitan,16166,14.7,Wyndham City Council
Werribee,7 Princes Ct,3,h,900000,SA,Barry,03-02-2018,3030,Western Metropolitan,16166,14.7,Wyndham City Council
Werribee,17 Salisbury St,2,h,,PN,FN,03-02-2018,3030,Western Metropolitan,16166,14.7,Wyndham City Council
Werribee,241 Shaws Rd,3,h,,SP,Benlor,03-02-2018,3030,Western Metropolitan,16166,14.7,Wyndham City Council
West Footscray,1B Dianella Ct,2,t,623000,S,hockingstuart,03-02-2018,3012,Western Metropolitan,5058,6.4,Maribyrnong City Council
Yarraville,41 Francis St,2,h,755000,S,hockingstuart/Biggin,03-02-2018,3013,Western Metropolitan,6543,6.3,Maribyrnong City Council
Yarraville,28 Regent St,3,h,,SP,Biggin,03-02-2018,3013,Western Metropolitan,6543,6.3,Maribyrnong City Council
Aberfeldie,22 Beaver St,4,h,,S,Nelson,03-03-2018,3040,Western Metropolitan,1543,7.5,Moonee Valley City Council
Airport West,91a Marshall Rd,3,h,890000,SP,Nelson,03-03-2018,3042,Western Metropolitan,3464,10.4,Moonee Valley City Council
Airport West,2/127 McNamara Av,3,h,,PI,Barry,03-03-2018,3042,Western Metropolitan,3464,10.4,Moonee Valley City Council
Airport West,8 McNamara Av,3,h,975000,S,Nelson,03-03-2018,3042,Western Metropolitan,3464,10.4,Moonee Valley City Council
Airport West,38a North St,3,t,891000,S,Nelson,03-03-2018,3042,Western Metropolitan,3464,10.4,Moonee Valley City Council
Airport West,2/29 Walters Av,2,u,700000,SP,Barry,03-03-2018,3042,Western Metropolitan,3464,10.4,Moonee Valley City Council
Albanvale,9 Fernhill Ct,3,h,,PI,YPA,03-03-2018,3021,Western Metropolitan,1899,14,Brimbank City Council
Albert Park,103 Ashworth St,3,h,1650000,S,The,03-03-2018,3206,Southern Metropolitan,3280,3,Port Phillip City Council
Alphington,510 Heidelberg Rd,4,h,1480000,SP,Jellis,03-03-2018,3078,Northern Metropolitan,2211,5.7,Darebin City Council
Alphington,26 Lucerne Cr,4,h,2420000,PI,Nelson,03-03-2018,3078,Northern Metropolitan,2211,5.7,Darebin City Council
Altona,84 Queen St,3,h,1815000,S,Williams,03-03-2018,3018,Western Metropolitan,5301,11,Hobsons Bay City Council
Altona Meadows,2 Lewin Ct,3,h,600000,S,Burnham,03-03-2018,3028,Western Metropolitan,7630,15.5,Hobsons Bay City Council
Altona North,146 McIntosh Rd,3,h,700000,SP,hockingstuart,03-03-2018,3025,Western Metropolitan,5132,9.4,Hobsons Bay City Council
Ardeer,27 Helene St,4,h,624000,S,Barry,03-03-2018,3022,Western Metropolitan,1281,12.8,Brimbank City Council
Armadale,3/7 Fetherston St,2,u,775000,S,hockingstuart,03-03-2018,3143,Southern Metropolitan,4836,6.3,Stonnington City Council
Armadale,14/18 Mercer Rd,2,u,,S,hockingstuart,03-03-2018,3143,Southern Metropolitan,4836,6.3,Stonnington City Council
Armadale,18 Royal Cr,5,h,,S,Marshall,03-03-2018,3143,Southern Metropolitan,4836,6.3,Stonnington City Council
Armadale,7/40 Wattletree Rd,1,u,561500,S,hockingstuart,03-03-2018,3143,Southern Metropolitan,4836,6.3,Stonnington City Council
Armadale,6/53 Wattletree Rd,1,u,401000,S,hockingstuart,03-03-2018,3143,Southern Metropolitan,4836,6.3,Stonnington City Council
Ascot Vale,210/8 Burrowes St,1,u,,VB,Brad,03-03-2018,3032,Western Metropolitan,6567,4.3,Moonee Valley City Council
Ascot Vale,22 Ormond Rd,3,h,,SP,Rendina,03-03-2018,3032,Western Metropolitan,6567,4.3,Moonee Valley City Council
Ascot Vale,163 The Parade,3,h,1050000,VB,Nelson,03-03-2018,3032,Western Metropolitan,6567,4.3,Moonee Valley City Council
Ascot Vale,107A Walter St,3,h,,PI,Hodges,03-03-2018,3032,Western Metropolitan,6567,4.3,Moonee Valley City Council
Ashburton,11 Comas Gr,5,h,2850500,S,Jellis,03-03-2018,3147,Southern Metropolitan,3052,10.2,Boroondara City Council
Ashburton,379 High St,4,h,1400000,VB,hockingstuart,03-03-2018,3147,Southern Metropolitan,3052,10.2,Boroondara City Council
Ashburton,6 Orford Rd,4,h,,S,Jellis,03-03-2018,3147,Southern Metropolitan,3052,10.2,Boroondara City Council
Ashwood,2/9 Jordan St,3,u,,SN,Woodards,03-03-2018,3147,Southern Metropolitan,2894,10.2,Monash City Council
Aspendale,11B Foam St,3,t,1095000,S,Buxton,03-03-2018,3195,South-Eastern Metropolitan,2824,21.5,Kingston City Council
Aspendale Gardens,4 June Pl,3,h,1015000,S,Ray,03-03-2018,3195,South-Eastern Metropolitan,2243,21.5,Kingston City Council
Avondale Heights,2/12 Doyle St,3,u,,SP,Moonee,03-03-2018,3034,Western Metropolitan,4502,9.5,Moonee Valley City Council
Avondale Heights,31 Herbert St,3,h,,VB,Harcourts,03-03-2018,3034,Western Metropolitan,4502,9.5,Moonee Valley City Council
Avondale Heights,2 Raglan St,3,h,904000,S,Moonee,03-03-2018,3034,Western Metropolitan,4502,9.5,Moonee Valley City Council
Avondale Heights,28 Robson Av,3,h,680000,S,Moonee,03-03-2018,3034,Western Metropolitan,4502,9.5,Moonee Valley City Council
Avondale Heights,14 Skewes St,3,h,725000,S,Harcourts,03-03-2018,3034,Western Metropolitan,4502,9.5,Moonee Valley City Council
Avondale Heights,2/4 Weyburn Pl,3,t,,VB,Brad,03-03-2018,3034,Western Metropolitan,4502,9.5,Moonee Valley City Council
Balaclava,3/36 Brighton Rd,2,u,652000,SP,McGrath,03-03-2018,3183,Southern Metropolitan,2952,6.4,Port Phillip City Council
Balwyn,14 Jersey St,4,h,,VB,Jellis,03-03-2018,3103,Southern Metropolitan,5682,7.9,Boroondara City Council
Balwyn,2 Kinsale Cr,5,h,2800000,PI,hockingstuart,03-03-2018,3103,Southern Metropolitan,5682,7.9,Boroondara City Council
Balwyn,20 Nungerner St,5,h,2360000,PI,Fletchers,03-03-2018,3103,Southern Metropolitan,5682,7.9,Boroondara City Council
Balwyn,11A Raynes St,4,h,,VB,Nelson,03-03-2018,3103,Southern Metropolitan,5682,7.9,Boroondara City Council
Balwyn,2 Threadneedle St,5,h,4000000,PI,Jellis,03-03-2018,3103,Southern Metropolitan,5682,7.9,Boroondara City Council
Balwyn,13 Vauxhall Rd,4,h,2140000,S,Jellis,03-03-2018,3103,Southern Metropolitan,5682,7.9,Boroondara City Council
Balwyn,401/200 Whitehorse Rd,3,u,1600000,VB,Fletchers,03-03-2018,3103,Southern Metropolitan,5682,7.9,Boroondara City Council
Balwyn North,1a Beverley Ct,4,t,1250000,VB,hockingstuart,03-03-2018,3104,Southern Metropolitan,7809,9.7,Boroondara City Council
Balwyn North,4 Beverley Ct,4,t,1190000,VB,Bekdon,03-03-2018,3104,Southern Metropolitan,7809,9.7,Boroondara City Council
Balwyn North,337 Doncaster Rd,5,h,1510000,PI,Fletchers,03-03-2018,3104,Southern Metropolitan,7809,9.7,Boroondara City Council
Balwyn North,15 Hedderwick St,3,h,,SP,Marshall,03-03-2018,3104,Southern Metropolitan,7809,9.7,Boroondara City Council
Balwyn North,7 Helston St,4,h,2255000,PI,Fletchers,03-03-2018,3104,Southern Metropolitan,7809,9.7,Boroondara City Council
Balwyn North,8 Hillview Rd,4,h,,PI,RT,03-03-2018,3104,Southern Metropolitan,7809,9.7,Boroondara City Council
Balwyn North,18 Riverside Av,4,h,1905000,PI,Noel,03-03-2018,3104,Southern Metropolitan,7809,9.7,Boroondara City Council
Balwyn North,50 Severn St,4,h,,SP,Nelson,03-03-2018,3104,Southern Metropolitan,7809,9.7,Boroondara City Council
Balwyn North,12 Ventnor St,3,h,,SP,Fletchers,03-03-2018,3104,Southern Metropolitan,7809,9.7,Boroondara City Council
Bayswater,3/34 Farnham Rd,3,u,,SP,Barry,03-03-2018,3153,Eastern Metropolitan,5030,23.2,Knox City Council
Beaumaris,17 Bodley St,4,t,1820000,SP,Chisholm,03-03-2018,3193,Southern Metropolitan,5366,17.3,Bayside City Council
Beaumaris,14 Cannes Gr,4,h,1645000,S,Bayside,03-03-2018,3193,Southern Metropolitan,5366,17.3,Bayside City Council
Beaumaris,61 Cromer Rd,3,h,1674000,S,hockingstuart,03-03-2018,3193,Southern Metropolitan,5366,17.3,Bayside City Council
Beaumaris,145 Dalgetty Rd,4,h,1550000,S,Buxton,03-03-2018,3193,Southern Metropolitan,5366,17.3,Bayside City Council
Beaumaris,2 Point Av,3,h,3720000,S,Hodges,03-03-2018,3193,Southern Metropolitan,5366,17.3,Bayside City Council
Beaumaris,180 Tramway Pde,4,h,1880000,S,McGrath,03-03-2018,3193,Southern Metropolitan,5366,17.3,Bayside City Council
Bentleigh,4 Adam St,4,h,1625000,SP,Janice,03-03-2018,3204,Southern Metropolitan,6795,11.4,Glen Eira City Council
Bentleigh,90 Daley St,4,h,1700000,VB,Buxton,03-03-2018,3204,Southern Metropolitan,6795,11.4,Glen Eira City Council
Bentleigh,42 London St,3,h,1605000,S,Buxton,03-03-2018,3204,Southern Metropolitan,6795,11.4,Glen Eira City Council
Bentleigh,15A Loranne St,3,t,1350000,S,Buxton,03-03-2018,3204,Southern Metropolitan,6795,11.4,Glen Eira City Council
Bentleigh,33A Marquis Rd,2,t,920000,S,Buxton,03-03-2018,3204,Southern Metropolitan,6795,11.4,Glen Eira City Council
Bentleigh,3 Roma St,4,h,1300000,VB,hockingstuart,03-03-2018,3204,Southern Metropolitan,6795,11.4,Glen Eira City Council
Bentleigh,34 Sunnyside Gr,5,h,,S,Jellis,03-03-2018,3204,Southern Metropolitan,6795,11.4,Glen Eira City Council
Bentleigh East,19a Birdwood St,2,h,871000,S,Jellis,03-03-2018,3165,Southern Metropolitan,10969,13.8,Glen Eira City Council
Bentleigh East,32a Brian St,4,t,,S,Buxton,03-03-2018,3165,Southern Metropolitan,10969,13.8,Glen Eira City Council
Bentleigh East,25 Browns Rd,3,h,1260000,S,Thomson,03-03-2018,3165,Southern Metropolitan,10969,13.8,Glen Eira City Council
Bentleigh East,2A David St,2,t,883000,S,Buxton,03-03-2018,3165,Southern Metropolitan,10969,13.8,Glen Eira City Council
Bentleigh East,42 Edinburgh St,3,h,1155000,S,Jellis,03-03-2018,3165,Southern Metropolitan,10969,13.8,Glen Eira City Council
Bentleigh East,24 Highview Rd,4,h,,SN,Hodges,03-03-2018,3165,Southern Metropolitan,10969,13.8,Glen Eira City Council
Bentleigh East,105A MacKie Rd,4,t,1282000,S,Jellis,03-03-2018,3165,Southern Metropolitan,10969,13.8,Glen Eira City Council
Bentleigh East,15 Rudyard St,3,h,1015000,S,Woodards,03-03-2018,3165,Southern Metropolitan,10969,13.8,Glen Eira City Council
Bentleigh East,3 Samuel Ct,3,h,1180000,S,Buxton,03-03-2018,3165,Southern Metropolitan,10969,13.8,Glen Eira City Council
Bentleigh East,1 Vine Ct,5,h,1669000,S,Jellis,03-03-2018,3165,Southern Metropolitan,10969,13.8,Glen Eira City Council
Bentleigh East,39 Warwick St,3,h,1146000,S,Buxton,03-03-2018,3165,Southern Metropolitan,10969,13.8,Glen Eira City Council
Bentleigh East,1/82 Wingate St,3,t,800000,PI,Buxton,03-03-2018,3165,Southern Metropolitan,10969,13.8,Glen Eira City Council
Black Rock,2/12 Karrakatta St,3,t,950000,VB,Buxton,03-03-2018,3193,Southern Metropolitan,2866,17.3,Bayside City Council
Black Rock,4 Tandara Ct,4,h,1980000,S,hockingstuart,03-03-2018,3193,Southern Metropolitan,2866,17.3,Bayside City Council
Blackburn,5 Boongarry Av,5,h,1670000,S,Jellis,03-03-2018,3130,Eastern Metropolitan,5713,13.4,Whitehorse City Council
Blackburn,63 Gardenia St,3,h,,S,Jellis,03-03-2018,3130,Eastern Metropolitan,5713,13.4,Whitehorse City Council
Blackburn,8 Hillside Cr,4,h,,S,Jellis,03-03-2018,3130,Eastern Metropolitan,5713,13.4,Whitehorse City Council
Blackburn,19 Patricia Rd,2,h,,SN,Noel,03-03-2018,3130,Eastern Metropolitan,5713,13.4,Whitehorse City Council
Blackburn North,1/62 Caroline Cr,3,h,750000,PI,hockingstuart,03-03-2018,3130,Eastern Metropolitan,2867,13.4,Whitehorse City Council
Blackburn North,1/4 Gay St,3,h,,PI,Noel,03-03-2018,3130,Eastern Metropolitan,2867,13.4,Whitehorse City Council
Blackburn North,8 Kent Cl,4,h,1300000,SP,McGrath,03-03-2018,3130,Eastern Metropolitan,2867,13.4,Whitehorse City Council
Blackburn North,28 Koonung Rd,3,h,,SP,Philip,03-03-2018,3130,Eastern Metropolitan,2867,13.4,Whitehorse City Council
Blackburn North,7 Kurrajong Wy,3,t,850000,VB,Fletchers,03-03-2018,3130,Eastern Metropolitan,2867,13.4,Whitehorse City Council
Blackburn South,5 Abercromby Rd,4,h,1400000,VB,Jellis,03-03-2018,3130,Eastern Metropolitan,4387,13.4,Whitehorse City Council
Blackburn South,267 Blackburn Rd,3,h,870000,VB,Fletchers,03-03-2018,3130,Eastern Metropolitan,4387,13.4,Whitehorse City Council
Blackburn South,11A Donald St,3,h,,SN,Woodards,03-03-2018,3130,Eastern Metropolitan,4387,13.4,Whitehorse City Council
Blackburn South,2/134 Middleborough Rd,3,t,975000,VB,Noel,03-03-2018,3130,Eastern Metropolitan,4387,13.4,Whitehorse City Council
Box Hill,36 Ashted Rd,4,h,2128888,S,Buxton,03-03-2018,3128,Eastern Metropolitan,4605,10.9,Whitehorse City Council
Braybrook,39 Shepherd St,3,h,801500,S,Bells,03-03-2018,3019,Western Metropolitan,3589,8.6,Maribyrnong City Council
Brighton,9/109 Asling St,3,t,975000,VB,Marshall,03-03-2018,3186,Southern Metropolitan,10579,10.5,Bayside City Council
Brighton,14 Cross St,3,h,1925000,VB,Marshall,03-03-2018,3186,Southern Metropolitan,10579,10.5,Bayside City Council
Brighton,112 Dendy St,4,h,3590000,S,Nick,03-03-2018,3186,Southern Metropolitan,10579,10.5,Bayside City Council
Brighton,42 Ebden St,3,h,1826000,S,Jellis,03-03-2018,3186,Southern Metropolitan,10579,10.5,Bayside City Council
Brighton,115 Male St,2,h,,S,Marshall,03-03-2018,3186,Southern Metropolitan,10579,10.5,Bayside City Council
Brighton,123 Male St,2,h,1250000,VB,Marshall,03-03-2018,3186,Southern Metropolitan,10579,10.5,Bayside City Council
Brighton,136 Male St,4,h,2500000,S,Buxton,03-03-2018,3186,Southern Metropolitan,10579,10.5,Bayside City Council
Brighton,137 Male St,4,h,2300000,PI,Nick,03-03-2018,3186,Southern Metropolitan,10579,10.5,Bayside City Council
Brighton,103/32 Warleigh Gr,2,u,970000,SP,hockingstuart,03-03-2018,3186,Southern Metropolitan,10579,10.5,Bayside City Council
Brighton East,21 Cheeseman Av,4,h,1840000,S,Marshall,03-03-2018,3187,Southern Metropolitan,6938,10.3,Bayside City Council
Brighton East,680 Hawthorn Rd,4,h,1736000,S,Buxton,03-03-2018,3187,Southern Metropolitan,6938,10.3,Bayside City Council
Brighton East,12 Henry St,3,h,1700000,S,Buxton,03-03-2018,3187,Southern Metropolitan,6938,10.3,Bayside City Council
Brighton East,56 Lucas St,3,h,1850000,VB,Kay,03-03-2018,3187,Southern Metropolitan,6938,10.3,Bayside City Council
Brighton East,61 Marriage Rd,4,h,2500000,S,Hodges,03-03-2018,3187,Southern Metropolitan,6938,10.3,Bayside City Council
Brighton East,43 Regent St,4,h,2070000,PI,Marshall,03-03-2018,3187,Southern Metropolitan,6938,10.3,Bayside City Council
Brighton East,19 Roseberry Av,4,h,1555000,S,Buxton,03-03-2018,3187,Southern Metropolitan,6938,10.3,Bayside City Council
Brighton East,48 Shasta Av,5,h,2500000,VB,Marshall,03-03-2018,3187,Southern Metropolitan,6938,10.3,Bayside City Council
Brighton East,21 Wallen St,4,h,2000000,VB,Marshall,03-03-2018,3187,Southern Metropolitan,6938,10.3,Bayside City Council
Broadmeadows,16 Benambra St,3,h,560000,S,Barry,03-03-2018,3047,Northern Metropolitan,4294,14,Hume City Council
Broadmeadows,7 Gerbert St,3,h,,PI,YPA,03-03-2018,3047,Northern Metropolitan,4294,14,Hume City Council
Broadmeadows,2 Meredith St,3,h,770000,S,RW,03-03-2018,3047,Northern Metropolitan,4294,14,Hume City Council
Broadmeadows,20 Ortolan Av,2,h,711000,S,Stockdale,03-03-2018,3047,Northern Metropolitan,4294,14,Hume City Council
Broadmeadows,12 Osway St,3,h,653000,S,YPA,03-03-2018,3047,Northern Metropolitan,4294,14,Hume City Council
Broadmeadows,31 Walsh St,3,h,407500,S,YPA,03-03-2018,3047,Northern Metropolitan,4294,14,Hume City Council
Broadmeadows,83 Waranga Cr,4,h,560000,PI,@Realty,03-03-2018,3047,Northern Metropolitan,4294,14,Hume City Council
Brooklyn,73 Cypress Av,4,h,,VB,hockingstuart,03-03-2018,3012,Western Metropolitan,962,6.4,Brimbank City Council
Brunswick,3 Austral Av,4,h,1500000,VB,Nelson,03-03-2018,3056,Northern Metropolitan,11918,5.2,Moreland City Council
Brunswick,3/203 Brunswick Rd,1,u,,SN,Ray,03-03-2018,3056,Northern Metropolitan,11918,5.2,Moreland City Council
Brunswick,3/10 Charles St,2,u,790000,S,Nelson,03-03-2018,3056,Northern Metropolitan,11918,5.2,Moreland City Council
Brunswick,77 Davies St,3,h,1100000,S,Nelson,03-03-2018,3056,Northern Metropolitan,11918,5.2,Moreland City Council
